reaction_index,tabulated_constant,temperature,temperature_celsius,solvent,solvent_original,solvent_part,reactant_smiles,product_smiles,reactant_smiles_mapped,product_smiles_mapped,formal_charge,reactant_is_zwitterion,product_is_zwitterion,n_reactants,n_products
0,-0.02,298,25,water,water,1.0,O=C(Cc1cnccn1)c1cccnc1,O/C(=C\c1cnccn1)c1cccnc1,[C:1]([CH2:2][c:4]1[n:5][cH:6][cH:7][n:8][cH:9]1)(=[O:3])[c:10]1[cH:11][cH:12][cH:13][n:14][cH:15]1,[C:1](=[CH:2]\[c:4]1[n:5][cH:6][cH:7][n:8][cH:9]1)(\[OH:3])[c:10]1[cH:11][cH:12][cH:13][n:14][cH:15]1,0,False,False,1,1
1,-0.52,298,25,water,water,1.0,O=C(Cc1cnccn1)c1ccncc1,O/C(=C/c1cnccn1)c1ccncc1,[C:1]([CH2:2][c:4]1[n:5][cH:6][cH:7][n:8][cH:9]1)(=[O:3])[c:10]1[cH:11][cH:12][n:13][cH:14][cH:15]1,[C:1](=[CH:2]/[c:4]1[n:5][cH:6][cH:7][n:8][cH:9]1)(\[OH:3])[c:10]1[cH:11][cH:12][n:13][cH:14][cH:15]1,0,False,False,1,1
2,-4.9,298,25,water,water,1.0,O=C1CCCC1,OC1=CCCC1,[C:1]1(=[O:6])[CH2:2][CH2:3][CH2:4][CH2:5]1,[C:1]1([OH:6])=[CH:2][CH2:3][CH2:4][CH2:5]1,0,False,False,1,1
3,-5.4,298,25,water,water,1.0,O=C1CCCCC1,OC1=CCCCC1,[C:1]1(=[O:7])[CH2:2][CH2:3][CH2:4][CH2:5][CH2:6]1,[C:1]1([OH:7])=[CH:2][CH2:3][CH2:4][CH2:5][CH2:6]1,0,False,False,1,1
4,0.46,298,25,methanol,methanol,1.0,CC(=O)CC(C)=O,CC(=O)/C=C(\C)O,[C:1]([CH2:2][C:5]([CH3:6])=[O:7])(=[O:3])[CH3:4],[C:1](/[CH:2]=[C:5](\[CH3:6])[OH:7])(=[O:3])[CH3:4],0,False,False,1,1
5,0.53,303,30,methanol,methanol,1.0,CC(=O)CC(C)=O,CC(=O)/C=C(\C)O,[C:1]([CH2:2][C:5]([CH3:6])=[O:7])(=[O:3])[CH3:4],[C:1](/[CH:2]=[C:5](\[CH3:6])[OH:7])(=[O:3])[CH3:4],0,False,False,1,1
6,-1.16,293,20,methanol,methanol,1.0,CCOC(=O)CC(C)=O,CCOC(=O)/C=C(\C)O,[C:1]([CH2:2][C:5]([O:6][CH2:8][CH3:9])=[O:7])(=[O:3])[CH3:4],[C:1](=[CH:2]/[C:5]([O:6][CH2:8][CH3:9])=[O:7])(\[OH:3])[CH3:4],0,False,False,1,1
7,-1.18,303,30,methanol,methanol,1.0,CCOC(=O)CC(C)=O,CCOC(=O)/C=C(\C)O,[C:1]([CH2:2][C:5]([O:6][CH2:8][CH3:9])=[O:7])(=[O:3])[CH3:4],[C:1](=[CH:2]/[C:5]([O:6][CH2:8][CH3:9])=[O:7])(\[OH:3])[CH3:4],0,False,False,1,1
8,-1.2,313,40,methanol,methanol,1.0,CCOC(=O)CC(C)=O,CCOC(=O)/C=C(\C)O,[C:1]([CH2:2][C:5]([O:6][CH2:8][CH3:9])=[O:7])(=[O:3])[CH3:4],[C:1](=[CH:2]/[C:5]([O:6][CH2:8][CH3:9])=[O:7])(\[OH:3])[CH3:4],0,False,False,1,1
9,-0.95,293,20,methanol,methanol,1.0,CC(=O)CC(=O)Nc1ccccc1,C/C(O)=C\C(=O)Nc1ccccc1,[C:1]([CH2:2][C:5](=[O:6])[NH:7][c:8]1[cH:9][cH:10][cH:11][cH:12][cH:13]1)(=[O:3])[CH3:4],[C:1](=[CH:2]/[C:5](=[O:6])[NH:7][c:8]1[cH:9][cH:10][cH:11][cH:12][cH:13]1)(\[OH:3])[CH3:4],0,False,False,1,1
10,0.18,303,30,methanol,methanol,1.0,CC(=O)CC(=O)Nc1ccccc1C,C/C(O)=C\C(=O)Nc1ccccc1C,[C:1]([CH2:2][C:5](=[O:6])[NH:7][c:8]1[c:9]([CH3:14])[cH:10][cH:11][cH:12][cH:13]1)(=[O:3])[CH3:4],[C:1](=[CH:2]/[C:5](=[O:6])[NH:7][c:8]1[c:9]([CH3:14])[cH:10][cH:11][cH:12][cH:13]1)(\[OH:3])[CH3:4],0,False,False,1,1
11,0.33,303,30,methanol,methanol,1.0,CC(=O)CC(=O)Nc1ccccc1Cl,C/C(O)=C\C(=O)Nc1ccccc1Cl,[C:1]([CH2:2][C:5](=[O:6])[NH:7][c:8]1[c:9]([Cl:14])[cH:10][cH:11][cH:12][cH:13]1)(=[O:3])[CH3:4],[C:1](=[CH:2]/[C:5](=[O:6])[NH:7][c:8]1[c:9]([Cl:14])[cH:10][cH:11][cH:12][cH:13]1)(\[OH:3])[CH3:4],0,False,False,1,1
12,0.37,303,30,methanol,methanol,1.0,COc1ccccc1NC(=O)CC(C)=O,COc1ccccc1NC(=O)/C=C(\C)O,[C:1]([CH2:2][C:5](=[O:6])[NH:7][c:8]1[c:9]([O:14][CH3:15])[cH:10][cH:11][cH:12][cH:13]1)(=[O:3])[CH3:4],[C:1](=[CH:2]/[C:5](=[O:6])[NH:7][c:8]1[c:9]([O:14][CH3:15])[cH:10][cH:11][cH:12][cH:13]1)(\[OH:3])[CH3:4],0,False,False,1,1
13,0.18,303,30,methanol,methanol,1.0,CC(=O)CC(=O)Nc1ccc(C)cc1C,C/C(O)=C\C(=O)Nc1ccc(C)cc1C,[C:1]([CH2:2][C:5](=[O:6])[NH:7][c:8]1[c:9]([CH3:14])[cH:10][c:11]([CH3:15])[cH:12][cH:13]1)(=[O:3])[CH3:4],[C:1](=[CH:2]/[C:5](=[O:6])[NH:7][c:8]1[c:9]([CH3:14])[cH:10][c:11]([CH3:15])[cH:12][cH:13]1)(\[OH:3])[CH3:4],0,False,False,1,1
14,-0.59,298,25,methanol,methanol,1.0,O=C(CC(=O)c1ccccc1)Nc1ccccc1,O=C(/C=C(/O)c1ccccc1)Nc1ccccc1,[C:1]([CH2:2][C:5](=[O:6])[NH:7][c:8]1[cH:9][cH:10][cH:11][cH:12][cH:13]1)(=[O:3])[c:4]1[cH:14][cH:15][cH:16][cH:17][cH:18]1,[C:1](=[CH:2]/[C:5](=[O:6])[NH:7][c:8]1[cH:9][cH:10][cH:11][cH:12][cH:13]1)(\[OH:3])[c:4]1[cH:14][cH:15][cH:16][cH:17][cH:18]1,0,False,False,1,1
15,-0.61,298,25,methanol,methanol,1.0,Cc1cccc(NC(=O)CC(=O)c2ccccc2)c1,Cc1cccc(NC(=O)/C=C(/O)c2ccccc2)c1,[C:1]([CH2:2][C:5](=[O:6])[NH:7][c:8]1[cH:9][c:10]([CH3:19])[cH:11][cH:12][cH:13]1)(=[O:3])[c:4]1[cH:14][cH:15][cH:16][cH:17][cH:18]1,[C:1](=[CH:2]/[C:5](=[O:6])[NH:7][c:8]1[cH:9][c:10]([CH3:19])[cH:11][cH:12][cH:13]1)(\[OH:3])[c:4]1[cH:14][cH:15][cH:16][cH:17][cH:18]1,0,False,False,1,1
16,-0.72,298,25,methanol,methanol,1.0,Cc1ccc(NC(=O)CC(=O)c2ccccc2)cc1,Cc1ccc(NC(=O)/C=C(/O)c2ccccc2)cc1,[C:1]([CH2:2][C:5](=[O:6])[NH:7][c:8]1[cH:9][cH:10][c:11]([CH3:19])[cH:12][cH:13]1)(=[O:3])[c:4]1[cH:14][cH:15][cH:16][cH:17][cH:18]1,[C:1](=[CH:2]/[C:5](=[O:6])[NH:7][c:8]1[cH:9][cH:10][c:11]([CH3:19])[cH:12][cH:13]1)(\[OH:3])[c:4]1[cH:14][cH:15][cH:16][cH:17][cH:18]1,0,False,False,1,1
17,-0.39,298,25,methanol,methanol,1.0,O=C(CC(=O)c1ccccc1)Nc1cccc(Cl)c1,O=C(/C=C(/O)c1ccccc1)Nc1cccc(Cl)c1,[C:1]([CH2:2][C:5](=[O:6])[NH:7][c:8]1[cH:9][c:10]([Cl:19])[cH:11][cH:12][cH:13]1)(=[O:3])[c:4]1[cH:14][cH:15][cH:16][cH:17][cH:18]1,[C:1](=[CH:2]/[C:5](=[O:6])[NH:7][c:8]1[cH:9][c:10]([Cl:19])[cH:11][cH:12][cH:13]1)(\[OH:3])[c:4]1[cH:14][cH:15][cH:16][cH:17][cH:18]1,0,False,False,1,1
18,-0.51,298,25,methanol,methanol,1.0,O=C(CC(=O)c1ccccc1)Nc1ccc(Cl)cc1,O=C(/C=C(/O)c1ccccc1)Nc1ccc(Cl)cc1,[C:1]([CH2:2][C:5](=[O:6])[NH:7][c:8]1[cH:9][cH:10][c:11]([Cl:19])[cH:12][cH:13]1)(=[O:3])[c:4]1[cH:14][cH:15][cH:16][cH:17][cH:18]1,[C:1](=[CH:2]/[C:5](=[O:6])[NH:7][c:8]1[cH:9][cH:10][c:11]([Cl:19])[cH:12][cH:13]1)(\[OH:3])[c:4]1[cH:14][cH:15][cH:16][cH:17][cH:18]1,0,False,False,1,1
19,-0.37,298,25,methanol,methanol,1.0,O=C(CC(=O)c1ccccc1)Nc1cccc(Br)c1,O=C(/C=C(/O)c1ccccc1)Nc1cccc(Br)c1,[C:1]([CH2:2][C:5](=[O:6])[NH:7][c:8]1[cH:9][c:10]([Br:19])[cH:11][cH:12][cH:13]1)(=[O:3])[c:4]1[cH:14][cH:15][cH:16][cH:17][cH:18]1,[C:1](=[CH:2]/[C:5](=[O:6])[NH:7][c:8]1[cH:9][c:10]([Br:19])[cH:11][cH:12][cH:13]1)(\[OH:3])[c:4]1[cH:14][cH:15][cH:16][cH:17][cH:18]1,0,False,False,1,1
20,-0.55,298,25,methanol,methanol,1.0,O=C(CC(=O)c1ccccc1)Nc1ccc(Br)cc1,O=C(/C=C(/O)c1ccccc1)Nc1ccc(Br)cc1,[C:1]([CH2:2][C:5](=[O:6])[NH:7][c:8]1[cH:9][cH:10][c:11]([Br:19])[cH:12][cH:13]1)(=[O:3])[c:4]1[cH:14][cH:15][cH:16][cH:17][cH:18]1,[C:1](=[CH:2]/[C:5](=[O:6])[NH:7][c:8]1[cH:9][cH:10][c:11]([Br:19])[cH:12][cH:13]1)(\[OH:3])[c:4]1[cH:14][cH:15][cH:16][cH:17][cH:18]1,0,False,False,1,1
21,-0.9,298,25,methanol,methanol,1.0,COc1ccc(NC(=O)CC(=O)c2ccccc2)cc1,COc1ccc(NC(=O)/C=C(/O)c2ccccc2)cc1,[C:1]([CH2:2][C:5](=[O:6])[NH:7][c:8]1[cH:9][cH:10][c:11]([O:19][CH3:20])[cH:12][cH:13]1)(=[O:3])[c:4]1[cH:14][cH:15][cH:16][cH:17][cH:18]1,[C:1](=[CH:2]/[C:5](=[O:6])[NH:7][c:8]1[cH:9][cH:10][c:11]([O:19][CH3:20])[cH:12][cH:13]1)(\[OH:3])[c:4]1[cH:14][cH:15][cH:16][cH:17][cH:18]1,0,False,False,1,1
22,-0.34,298,25,methanol,methanol,1.0,O=C(CC(=O)c1ccccc1)Nc1cccc([N+](=O)[O-])c1,O=C(/C=C(/O)c1ccccc1)Nc1cccc([N+](=O)[O-])c1,[C:1]([CH2:2][C:5](=[O:6])[NH:7][c:8]1[cH:9][c:10]([N+:19](=[O:20])[O-:21])[cH:11][cH:12][cH:13]1)(=[O:3])[c:4]1[cH:14][cH:15][cH:16][cH:17][cH:18]1,[C:1](=[CH:2]/[C:5](=[O:6])[NH:7][c:8]1[cH:9][c:10]([N+:19](=[O:20])[O-:21])[cH:11][cH:12][cH:13]1)(\[OH:3])[c:4]1[cH:14][cH:15][cH:16][cH:17][cH:18]1,0,False,False,1,1
23,0.33,303,30,methanol,methanol,1.0,O=C(CC(=O)c1ccccc1)Nc1cccc([N+](=O)[O-])c1,O=C(/C=C(/O)c1ccccc1)Nc1cccc([N+](=O)[O-])c1,[C:1]([CH2:2][C:5](=[O:6])[NH:7][c:8]1[cH:9][c:10]([N+:19](=[O:20])[O-:21])[cH:11][cH:12][cH:13]1)(=[O:3])[c:4]1[cH:14][cH:15][cH:16][cH:17][cH:18]1,[C:1](=[CH:2]/[C:5](=[O:6])[NH:7][c:8]1[cH:9][c:10]([N+:19](=[O:20])[O-:21])[cH:11][cH:12][cH:13]1)(\[OH:3])[c:4]1[cH:14][cH:15][cH:16][cH:17][cH:18]1,0,False,False,1,1
24,-0.29,298,25,methanol,methanol,1.0,O=C(CC(=O)c1ccccc1)Nc1ccc([N+](=O)[O-])cc1,O=C(/C=C(/O)c1ccccc1)Nc1ccc([N+](=O)[O-])cc1,[C:1]([CH2:2][C:5](=[O:6])[NH:7][c:8]1[cH:9][cH:10][c:11]([N+:19](=[O:20])[O-:21])[cH:12][cH:13]1)(=[O:3])[c:4]1[cH:14][cH:15][cH:16][cH:17][cH:18]1,[C:1](=[CH:2]/[C:5](=[O:6])[NH:7][c:8]1[cH:9][cH:10][c:11]([N+:19](=[O:20])[O-:21])[cH:12][cH:13]1)(\[OH:3])[c:4]1[cH:14][cH:15][cH:16][cH:17][cH:18]1,0,False,False,1,1
25,-0.68,298,25,methanol,methanol,1.0,Cc1cccc(C(=O)CC(=O)Nc2ccccc2)c1,Cc1cccc(/C(O)=C\C(=O)Nc2ccccc2)c1,[C:1]([CH2:2][C:5](=[O:6])[NH:7][c:8]1[cH:9][cH:10][cH:11][cH:12][cH:13]1)(=[O:3])[c:4]1[cH:14][c:15]([CH3:19])[cH:16][cH:17][cH:18]1,[C:1](=[CH:2]/[C:5](=[O:6])[NH:7][c:8]1[cH:9][cH:10][cH:11][cH:12][cH:13]1)(\[OH:3])[c:4]1[cH:14][c:15]([CH3:19])[cH:16][cH:17][cH:18]1,0,False,False,1,1
26,-0.88,298,25,methanol,methanol,1.0,Cc1ccc(C(=O)CC(=O)Nc2ccccc2)cc1,Cc1ccc(/C(O)=C\C(=O)Nc2ccccc2)cc1,[C:1]([CH2:2][C:5](=[O:6])[NH:7][c:8]1[cH:9][cH:10][cH:11][cH:12][cH:13]1)(=[O:3])[c:4]1[cH:14][cH:15][c:16]([CH3:19])[cH:17][cH:18]1,[C:1](=[CH:2]/[C:5](=[O:6])[NH:7][c:8]1[cH:9][cH:10][cH:11][cH:12][cH:13]1)(\[OH:3])[c:4]1[cH:14][cH:15][c:16]([CH3:19])[cH:17][cH:18]1,0,False,False,1,1
27,-0.3,298,25,methanol,methanol,1.0,O=C(CC(=O)c1cccc(Cl)c1)Nc1ccccc1,O=C(/C=C(/O)c1cccc(Cl)c1)Nc1ccccc1,[C:1]([CH2:2][C:5](=[O:6])[NH:7][c:8]1[cH:9][cH:10][cH:11][cH:12][cH:13]1)(=[O:3])[c:4]1[cH:14][c:15]([Cl:19])[cH:16][cH:17][cH:18]1,[C:1](=[CH:2]/[C:5](=[O:6])[NH:7][c:8]1[cH:9][cH:10][cH:11][cH:12][cH:13]1)(\[OH:3])[c:4]1[cH:14][c:15]([Cl:19])[cH:16][cH:17][cH:18]1,0,False,False,1,1
28,-0.45,298,25,methanol,methanol,1.0,O=C(CC(=O)c1ccc(Cl)cc1)Nc1ccccc1,O=C(/C=C(/O)c1ccc(Cl)cc1)Nc1ccccc1,[C:1]([CH2:2][C:5](=[O:6])[NH:7][c:8]1[cH:9][cH:10][cH:11][cH:12][cH:13]1)(=[O:3])[c:4]1[cH:14][cH:15][c:16]([Cl:19])[cH:17][cH:18]1,[C:1](=[CH:2]/[C:5](=[O:6])[NH:7][c:8]1[cH:9][cH:10][cH:11][cH:12][cH:13]1)(\[OH:3])[c:4]1[cH:14][cH:15][c:16]([Cl:19])[cH:17][cH:18]1,0,False,False,1,1
29,-0.27,298,25,methanol,methanol,1.0,O=C(CC(=O)c1cccc(Br)c1)Nc1ccccc1,O=C(/C=C(/O)c1cccc(Br)c1)Nc1ccccc1,[C:1]([CH2:2][C:5](=[O:6])[NH:7][c:8]1[cH:9][cH:10][cH:11][cH:12][cH:13]1)(=[O:3])[c:4]1[cH:14][c:15]([Br:19])[cH:16][cH:17][cH:18]1,[C:1](=[CH:2]/[C:5](=[O:6])[NH:7][c:8]1[cH:9][cH:10][cH:11][cH:12][cH:13]1)(\[OH:3])[c:4]1[cH:14][c:15]([Br:19])[cH:16][cH:17][cH:18]1,0,False,False,1,1
30,-0.49,298,25,methanol,methanol,1.0,O=C(CC(=O)c1ccc(Br)cc1)Nc1ccccc1,O=C(/C=C(/O)c1ccc(Br)cc1)Nc1ccccc1,[C:1]([CH2:2][C:5](=[O:6])[NH:7][c:8]1[cH:9][cH:10][cH:11][cH:12][cH:13]1)(=[O:3])[c:4]1[cH:14][cH:15][c:16]([Br:19])[cH:17][cH:18]1,[C:1](=[CH:2]/[C:5](=[O:6])[NH:7][c:8]1[cH:9][cH:10][cH:11][cH:12][cH:13]1)(\[OH:3])[c:4]1[cH:14][cH:15][c:16]([Br:19])[cH:17][cH:18]1,0,False,False,1,1
31,-0.65,298,25,methanol,methanol,1.0,COc1cccc(C(=O)CC(=O)Nc2ccccc2)c1,COc1cccc(/C(O)=C\C(=O)Nc2ccccc2)c1,[C:1]([CH2:2][C:5](=[O:6])[NH:7][c:8]1[cH:9][cH:10][cH:11][cH:12][cH:13]1)(=[O:3])[c:4]1[cH:14][c:15]([O:19][CH3:20])[cH:16][cH:17][cH:18]1,[C:1](=[CH:2]/[C:5](=[O:6])[NH:7][c:8]1[cH:9][cH:10][cH:11][cH:12][cH:13]1)(\[OH:3])[c:4]1[cH:14][c:15]([O:19][CH3:20])[cH:16][cH:17][cH:18]1,0,False,False,1,1
32,-1.28,298,25,methanol,methanol,1.0,COc1ccc(C(=O)CC(=O)Nc2ccccc2)cc1,COc1ccc(/C(O)=C\C(=O)Nc2ccccc2)cc1,[C:1]([CH2:2][C:5](=[O:6])[NH:7][c:8]1[cH:9][cH:10][cH:11][cH:12][cH:13]1)(=[O:3])[c:4]1[cH:14][cH:15][c:16]([O:19][CH3:20])[cH:17][cH:18]1,[C:1](=[CH:2]/[C:5](=[O:6])[NH:7][c:8]1[cH:9][cH:10][cH:11][cH:12][cH:13]1)(\[OH:3])[c:4]1[cH:14][cH:15][c:16]([O:19][CH3:20])[cH:17][cH:18]1,0,False,False,1,1
33,-0.06,298,25,methanol,methanol,1.0,N#Cc1ccc(C(=O)CC(=O)Nc2ccccc2)cc1,N#Cc1ccc(/C(O)=C\C(=O)Nc2ccccc2)cc1,[C:1]([CH2:2][C:5](=[O:6])[NH:7][c:8]1[cH:9][cH:10][cH:11][cH:12][cH:13]1)(=[O:3])[c:4]1[cH:14][cH:15][c:16]([C:19]#[N:20])[cH:17][cH:18]1,[C:1](=[CH:2]/[C:5](=[O:6])[NH:7][c:8]1[cH:9][cH:10][cH:11][cH:12][cH:13]1)(\[OH:3])[c:4]1[cH:14][cH:15][c:16]([C:19]#[N:20])[cH:17][cH:18]1,0,False,False,1,1
34,0.0,298,25,methanol,methanol,1.0,O=Nc1cccc(C(=O)CC(=O)Nc2ccccc2)c1,O=Nc1cccc(/C(O)=C\C(=O)Nc2ccccc2)c1,[C:1]([CH2:2][C:5](=[O:6])[NH:7][c:8]1[cH:9][cH:10][cH:11][cH:12][cH:13]1)(=[O:3])[c:4]1[cH:14][c:15]([N:19]=[O:20])[cH:16][cH:17][cH:18]1,[C:1](=[CH:2]/[C:5](=[O:6])[NH:7][c:8]1[cH:9][cH:10][cH:11][cH:12][cH:13]1)(\[OH:3])[c:4]1[cH:14][c:15]([N:19]=[O:20])[cH:16][cH:17][cH:18]1,0,False,False,1,1
35,0.07,298,25,methanol,methanol,1.0,O=C(CC(=O)c1ccc([N+](=O)[O-])cc1)Nc1ccccc1,O=C(/C=C(/O)c1ccc([N+](=O)[O-])cc1)Nc1ccccc1,[C:1]([CH2:2][C:5](=[O:6])[NH:7][c:8]1[cH:9][cH:10][cH:11][cH:12][cH:13]1)(=[O:3])[c:4]1[cH:14][cH:15][c:16]([N+:19](=[O:20])[O-:21])[cH:17][cH:18]1,[C:1](=[CH:2]/[C:5](=[O:6])[NH:7][c:8]1[cH:9][cH:10][cH:11][cH:12][cH:13]1)(\[OH:3])[c:4]1[cH:14][cH:15][c:16]([N+:19](=[O:20])[O-:21])[cH:17][cH:18]1,0,False,False,1,1
36,-0.57,298,25,methanol,methanol,1.0,Cc1ccc(NC(=O)CC(=O)c2ccc(Cl)cc2)cc1,Cc1ccc(NC(=O)/C=C(/O)c2ccc(Cl)cc2)cc1,[C:1]([CH2:2][C:5](=[O:6])[NH:7][c:8]1[cH:9][cH:10][c:11]([CH3:20])[cH:12][cH:13]1)(=[O:3])[c:4]1[cH:14][cH:15][c:16]([Cl:19])[cH:17][cH:18]1,[C:1](=[CH:2]/[C:5](=[O:6])[NH:7][c:8]1[cH:9][cH:10][c:11]([CH3:20])[cH:12][cH:13]1)(\[OH:3])[c:4]1[cH:14][cH:15][c:16]([Cl:19])[cH:17][cH:18]1,0,False,False,1,1
37,-0.26,298,25,methanol,methanol,1.0,O=C(CC(=O)c1ccc(Cl)cc1)Nc1cccc([N+](=O)[O-])c1,O=C(/C=C(/O)c1ccc(Cl)cc1)Nc1cccc([N+](=O)[O-])c1,[C:1]([CH2:2][C:5](=[O:6])[NH:7][c:8]1[cH:9][c:10]([N+:20](=[O:21])[O-:22])[cH:11][cH:12][cH:13]1)(=[O:3])[c:4]1[cH:14][cH:15][c:16]([Cl:19])[cH:17][cH:18]1,[C:1](=[CH:2]/[C:5](=[O:6])[NH:7][c:8]1[cH:9][c:10]([N+:20](=[O:21])[O-:22])[cH:11][cH:12][cH:13]1)(\[OH:3])[c:4]1[cH:14][cH:15][c:16]([Cl:19])[cH:17][cH:18]1,0,False,False,1,1
38,-1.3,298,25,methanol,methanol,1.0,COc1ccc(C(=O)CC(=O)Nc2ccc(C)cc2)cc1,COc1ccc(/C(O)=C\C(=O)Nc2ccc(C)cc2)cc1,[C:1]([CH2:2][C:5](=[O:6])[NH:7][c:8]1[cH:9][cH:10][c:11]([CH3:20])[cH:12][cH:13]1)(=[O:3])[c:4]1[cH:14][cH:15][c:16]([O:19][CH3:21])[cH:17][cH:18]1,[C:1](=[CH:2]/[C:5](=[O:6])[NH:7][c:8]1[cH:9][cH:10][c:11]([CH3:20])[cH:12][cH:13]1)(\[OH:3])[c:4]1[cH:14][cH:15][c:16]([O:19][CH3:21])[cH:17][cH:18]1,0,False,False,1,1
39,-1.09,298,25,methanol,methanol,1.0,COc1ccc(C(=O)CC(=O)Nc2ccc(Br)cc2)cc1,COc1ccc(/C(O)=C\C(=O)Nc2ccc(Br)cc2)cc1,[C:1]([CH2:2][C:5](=[O:6])[NH:7][c:8]1[cH:9][cH:10][c:11]([Br:20])[cH:12][cH:13]1)(=[O:3])[c:4]1[cH:14][cH:15][c:16]([O:19][CH3:21])[cH:17][cH:18]1,[C:1](=[CH:2]/[C:5](=[O:6])[NH:7][c:8]1[cH:9][cH:10][c:11]([Br:20])[cH:12][cH:13]1)(\[OH:3])[c:4]1[cH:14][cH:15][c:16]([O:19][CH3:21])[cH:17][cH:18]1,0,False,False,1,1
40,-0.97,298,25,methanol,methanol,1.0,COc1ccc(C(=O)CC(=O)Nc2cccc([N+](=O)[O-])c2)cc1,COc1ccc(/C(O)=C\C(=O)Nc2cccc([N+](=O)[O-])c2)cc1,[C:1]([CH2:2][C:5](=[O:6])[NH:7][c:8]1[cH:9][c:10]([N+:21](=[O:22])[O-:23])[cH:11][cH:12][cH:13]1)(=[O:3])[c:4]1[cH:14][cH:15][c:16]([O:19][CH3:20])[cH:17][cH:18]1,[C:1](=[CH:2]/[C:5](=[O:6])[NH:7][c:8]1[cH:9][c:10]([N+:21](=[O:22])[O-:23])[cH:11][cH:12][cH:13]1)(\[OH:3])[c:4]1[cH:14][cH:15][c:16]([O:19][CH3:20])[cH:17][cH:18]1,0,False,False,1,1
41,-0.02,298,25,methanol,methanol,1.0,Cc1ccc(NC(=O)CC(=O)c2ccc([N+](=O)[O-])cc2)cc1,Cc1ccc(NC(=O)/C=C(/O)c2ccc([N+](=O)[O-])cc2)cc1,[C:1]([CH2:2][C:5](=[O:6])[NH:7][c:8]1[cH:9][cH:10][c:11]([CH3:19])[cH:12][cH:13]1)(=[O:3])[c:4]1[cH:14][cH:15][c:16]([N+:20](=[O:21])[O-:22])[cH:17][cH:18]1,[C:1](=[CH:2]/[C:5](=[O:6])[NH:7][c:8]1[cH:9][cH:10][c:11]([CH3:19])[cH:12][cH:13]1)(\[OH:3])[c:4]1[cH:14][cH:15][c:16]([N+:20](=[O:21])[O-:22])[cH:17][cH:18]1,0,False,False,1,1
42,0.2,298,25,methanol,methanol,1.0,O=C(CC(=O)c1ccc([N+](=O)[O-])cc1)Nc1ccc(Br)cc1,O=C(/C=C(/O)c1ccc([N+](=O)[O-])cc1)Nc1ccc(Br)cc1,[C:1]([CH2:2][C:5](=[O:6])[NH:7][c:8]1[cH:9][cH:10][c:11]([Br:19])[cH:12][cH:13]1)(=[O:3])[c:4]1[cH:14][cH:15][c:16]([N+:20](=[O:21])[O-:22])[cH:17][cH:18]1,[C:1](=[CH:2]/[C:5](=[O:6])[NH:7][c:8]1[cH:9][cH:10][c:11]([Br:19])[cH:12][cH:13]1)(\[OH:3])[c:4]1[cH:14][cH:15][c:16]([N+:20](=[O:21])[O-:22])[cH:17][cH:18]1,0,False,False,1,1
43,-1.35,293,20,methanol,methanol,1.0,CC(=O)C(C)C(=O)Nc1ccccc1,C/C(O)=C(/C)C(=O)Nc1ccccc1,[C:1]([CH:2]([C:4](=[O:5])[NH:7][c:8]1[cH:9][cH:10][cH:11][cH:12][cH:13]1)[CH3:6])(=[O:3])[CH3:14],[C:1](=[C:2](/[C:4](=[O:5])[NH:7][c:8]1[cH:9][cH:10][cH:11][cH:12][cH:13]1)[CH3:6])(\[OH:3])[CH3:14],0,False,False,1,1
44,-1.03,293,20,methanol,methanol,1.0,CC(=O)C(Cl)C(=O)Nc1ccccc1,C/C(O)=C(/Cl)C(=O)Nc1ccccc1,[C:1]([CH:2]([C:4](=[O:5])[NH:7][c:8]1[cH:9][cH:10][cH:11][cH:12][cH:13]1)[Cl:6])(=[O:3])[CH3:14],[C:1](=[C:2](/[C:4](=[O:5])[NH:7][c:8]1[cH:9][cH:10][cH:11][cH:12][cH:13]1)[Cl:6])(\[OH:3])[CH3:14],0,False,False,1,1
45,-0.28,293,20,methanol,methanol,1.0,CC(=O)C(Br)C(=O)Nc1ccccc1,C/C(O)=C(/Br)C(=O)Nc1ccccc1,[C:1]([CH:2]([C:4](=[O:5])[NH:7][c:8]1[cH:9][cH:10][cH:11][cH:12][cH:13]1)[Br:6])(=[O:3])[CH3:14],[C:1](=[C:2](/[C:4](=[O:5])[NH:7][c:8]1[cH:9][cH:10][cH:11][cH:12][cH:13]1)[Br:6])(\[OH:3])[CH3:14],0,False,False,1,1
46,-0.08,293,20,methanol,methanol,1.0,CC(=O)C(C(C)=O)C(=O)Nc1ccccc1,CC(=O)/C(C(=O)Nc1ccccc1)=C(/C)O,[C:1]([CH:2]([C:4](=[O:5])[NH:7][c:8]1[cH:9][cH:10][cH:11][cH:12][cH:13]1)[C:6](=[O:15])[CH3:16])(=[O:3])[CH3:14],[C:1](/[C:2]([C:4](=[O:5])[NH:7][c:8]1[cH:9][cH:10][cH:11][cH:12][cH:13]1)=[C:6](\[OH:15])[CH3:16])(=[O:3])[CH3:14],0,False,False,1,1
47,0.69,293,20,methanol,methanol,1.0,CC(=O)C(C#N)C(=O)Nc1ccccc1,C/C(O)=C(/C#N)C(=O)Nc1ccccc1,[C:1]([CH:2]([C:4](=[O:5])[NH:7][c:8]1[cH:9][cH:10][cH:11][cH:12][cH:13]1)[C:6]#[N:15])(=[O:3])[CH3:14],[C:1](=[C:2](/[C:4](=[O:5])[NH:7][c:8]1[cH:9][cH:10][cH:11][cH:12][cH:13]1)[C:6]#[N:15])(\[OH:3])[CH3:14],0,False,False,1,1
48,-1.12,293,20,methanol,methanol,1.0,CC(=O)C(C(=O)Nc1ccccc1)c1ccccc1,C/C(O)=C(\C(=O)Nc1ccccc1)c1ccccc1,[C:1]([CH:2]([C:4](=[O:5])[NH:7][c:8]1[cH:9][cH:10][cH:11][cH:12][cH:13]1)[c:6]1[cH:15][cH:16][cH:17][cH:18][cH:19]1)(=[O:3])[CH3:14],[C:1](=[C:2](/[C:4](=[O:5])[NH:7][c:8]1[cH:9][cH:10][cH:11][cH:12][cH:13]1)[c:6]1[cH:15][cH:16][cH:17][cH:18][cH:19]1)(\[OH:3])[CH3:14],0,False,False,1,1
49,-1.0,293,20,methanol,methanol,1.0,CCOC(=O)C1C(=O)C(C(=O)OCC)C(C)OC1C,CCOC(=O)C1=C(O)C(C(=O)OCC)C(C)OC1C,[O:1]1[CH:2]([CH3:18])[CH:3]([C:9]([O:14][CH2:16][CH3:17])=[O:15])[C:4](=[O:7])[CH:5]([C:8](=[O:10])[O:11][CH2:12][CH3:13])[CH:6]1[CH3:19],[O:1]1[CH:2]([CH3:18])[C:3]([C:9]([O:14][CH2:16][CH3:17])=[O:15])=[C:4]([OH:7])[CH:5]([C:8](=[O:10])[O:11][CH2:12][CH3:13])[CH:6]1[CH3:19],0,False,False,1,1
50,-1.12,293,20,methanol,methanol,1.0,CCOC(=O)C1C(=O)C(C(=O)OCC)C(CC)OC1CC,CCOC(=O)C1=C(O)C(C(=O)OCC)C(CC)OC1CC,[O:1]1[CH:2]([CH2:18][CH3:20])[CH:3]([C:9]([O:14][CH2:16][CH3:17])=[O:15])[C:4](=[O:7])[CH:5]([C:8](=[O:10])[O:11][CH2:12][CH3:13])[CH:6]1[CH2:19][CH3:21],[O:1]1[CH:2]([CH2:18][CH3:20])[C:3]([C:9]([O:14][CH2:16][CH3:17])=[O:15])=[C:4]([OH:7])[CH:5]([C:8](=[O:10])[O:11][CH2:12][CH3:13])[CH:6]1[CH2:19][CH3:21],0,False,False,1,1
51,-1.19,293,20,methanol,methanol,1.0,CCCC1OC(CCC)C(C(=O)OCC)C(=O)C1C(=O)OCC,CCCC1OC(CCC)C(C(=O)OCC)C(O)=C1C(=O)OCC,[O:1]1[CH:2]([CH2:18][CH2:20][CH3:21])[CH:3]([C:9]([O:14][CH2:16][CH3:17])=[O:15])[C:4](=[O:7])[CH:5]([C:8](=[O:10])[O:11][CH2:12][CH3:13])[CH:6]1[CH2:19][CH2:22][CH3:23],[O:1]1[CH:2]([CH2:18][CH2:20][CH3:21])[C:3]([C:9]([O:14][CH2:16][CH3:17])=[O:15])=[C:4]([OH:7])[CH:5]([C:8](=[O:10])[O:11][CH2:12][CH3:13])[CH:6]1[CH2:19][CH2:22][CH3:23],0,False,False,1,1
52,0.52,293,20,methanol,methanol,1.0,COC(=O)C1CN(C)CC(C(=O)OC)C1=O,COC(=O)C1=C(O)C(C(=O)OC)CN(C)C1,[N:1]1([CH3:16])[CH2:2][CH:3]([C:9]([O:13][CH3:15])=[O:14])[C:4](=[O:7])[CH:5]([C:8](=[O:10])[O:11][CH3:12])[CH2:6]1,[N:1]1([CH3:16])[CH2:2][C:3]([C:9]([O:13][CH3:15])=[O:14])=[C:4]([OH:7])[CH:5]([C:8](=[O:10])[O:11][CH3:12])[CH2:6]1,0,False,False,1,1
83,-0.7,293,20,acetonitrile,acetonitrile,1.0,CC(=O)CC(=O)Nc1ccccc1,C/C(O)=C\C(=O)Nc1ccccc1,[C:1]([CH2:2][C:4](=[O:5])[NH:7][c:8]1[cH:9][cH:10][cH:11][cH:12][cH:13]1)(=[O:3])[CH3:6],[C:1](=[CH:2]/[C:4](=[O:5])[NH:7][c:8]1[cH:9][cH:10][cH:11][cH:12][cH:13]1)(\[OH:3])[CH3:6],0,False,False,1,1
84,0.26,298,25,acetonitrile,acetonitrile,1.0,CC(C)C(=O)CC(=O)C(C)C,CC(C)C(=O)/C=C(/O)C(C)C,[C:1]([CH2:2][C:4](=[O:5])[CH:7]([CH3:10])[CH3:11])(=[O:3])[CH:6]([CH3:8])[CH3:9],[C:1](/[CH:2]=[C:4](/[OH:5])[CH:7]([CH3:10])[CH3:11])(=[O:3])[CH:6]([CH3:8])[CH3:9],0,False,False,1,1
85,0.79,298,25,acetonitrile,acetonitrile,1.0,CC(C)(C)C(=O)CC(=O)C(C)(C)C,CC(C)(C)C(=O)/C=C(/O)C(C)(C)C,[C:1]([CH2:2][C:4](=[O:5])[C:7]([CH3:11])([CH3:12])[CH3:13])(=[O:3])[C:6]([CH3:8])([CH3:9])[CH3:10],[C:1](/[CH:2]=[C:4](/[OH:5])[C:7]([CH3:11])([CH3:12])[CH3:13])(=[O:3])[C:6]([CH3:8])([CH3:9])[CH3:10],0,False,False,1,1
86,-1.36,293,20,acetonitrile,acetonitrile,1.0,CC(=O)C(C)C(=O)Nc1ccccc1,C/C(O)=C(/C)C(=O)Nc1ccccc1,[C:1]([CH:2]([CH3:4])[C:5](=[O:6])[NH:8][c:9]1[cH:10][cH:11][cH:12][cH:13][cH:14]1)(=[O:3])[CH3:7],[C:1](=[C:2](\[CH3:4])[C:5](=[O:6])[NH:8][c:9]1[cH:10][cH:11][cH:12][cH:13][cH:14]1)(\[OH:3])[CH3:7],0,False,False,1,1
87,-0.75,293,20,acetonitrile,acetonitrile,1.0,CC(=O)C(Cl)C(=O)Nc1ccccc1,C/C(O)=C(/Cl)C(=O)Nc1ccccc1,[C:1]([CH:2]([Cl:4])[C:5](=[O:6])[NH:8][c:9]1[cH:10][cH:11][cH:12][cH:13][cH:14]1)(=[O:3])[CH3:7],[C:1](=[C:2](\[Cl:4])[C:5](=[O:6])[NH:8][c:9]1[cH:10][cH:11][cH:12][cH:13][cH:14]1)(\[OH:3])[CH3:7],0,False,False,1,1
88,-0.15,293,20,acetonitrile,acetonitrile,1.0,CC(=O)C(Br)C(=O)Nc1ccccc1,C/C(O)=C(/Br)C(=O)Nc1ccccc1,[C:1]([CH:2]([Br:4])[C:5](=[O:6])[NH:8][c:9]1[cH:10][cH:11][cH:12][cH:13][cH:14]1)(=[O:3])[CH3:7],[C:1](=[C:2](\[Br:4])[C:5](=[O:6])[NH:8][c:9]1[cH:10][cH:11][cH:12][cH:13][cH:14]1)(\[OH:3])[CH3:7],0,False,False,1,1
89,0.25,293,20,acetonitrile,acetonitrile,1.0,COC(C(C)=O)C(=O)Nc1ccccc1,CO/C(C(=O)Nc1ccccc1)=C(/C)O,[C:1]([CH:2]([O:4][CH3:15])[C:5](=[O:6])[NH:8][c:9]1[cH:10][cH:11][cH:12][cH:13][cH:14]1)(=[O:3])[CH3:7],[C:1](=[C:2](\[O:4][CH3:15])[C:5](=[O:6])[NH:8][c:9]1[cH:10][cH:11][cH:12][cH:13][cH:14]1)(\[OH:3])[CH3:7],0,False,False,1,1
90,1.48,293,20,acetonitrile,acetonitrile,1.0,CC(=O)C(C#N)C(=O)Nc1ccccc1,C/C(O)=C(/C#N)C(=O)Nc1ccccc1,[C:1]([CH:2]([C:4]#[N:15])[C:5](=[O:6])[NH:8][c:9]1[cH:10][cH:11][cH:12][cH:13][cH:14]1)(=[O:3])[CH3:7],[C:1](=[C:2](\[C:4]#[N:15])[C:5](=[O:6])[NH:8][c:9]1[cH:10][cH:11][cH:12][cH:13][cH:14]1)(\[OH:3])[CH3:7],0,False,False,1,1
91,-0.68,293,20,acetonitrile,acetonitrile,1.0,CC(=O)C(C(=O)Nc1ccccc1)c1ccccc1,C/C(O)=C(\C(=O)Nc1ccccc1)c1ccccc1,[C:1]([CH:2]([c:4]1[cH:15][cH:16][cH:17][cH:18][cH:19]1)[C:5](=[O:6])[NH:8][c:9]1[cH:10][cH:11][cH:12][cH:13][cH:14]1)(=[O:3])[CH3:7],[C:1](=[C:2](\[c:4]1[cH:15][cH:16][cH:17][cH:18][cH:19]1)[C:5](=[O:6])[NH:8][c:9]1[cH:10][cH:11][cH:12][cH:13][cH:14]1)(\[OH:3])[CH3:7],0,False,False,1,1
92,-0.85,306,33,acetonitrile,acetonitrile,1.0,CCOC(=O)C(C(=O)c1ccccc1)C(=O)c1ccccc1,CCOC(=O)/C(C(=O)c1ccccc1)=C(\O)c1ccccc1,[C:1]([CH:2]([C:4](=[O:19])[O:20][CH2:21][CH3:22])[C:5](=[O:6])[c:13]1[cH:14][cH:15][cH:16][cH:17][cH:18]1)(=[O:3])[c:7]1[cH:8][cH:9][cH:10][cH:11][cH:12]1,[C:1](/[C:2]([C:4](=[O:19])[O:20][CH2:21][CH3:22])=[C:5](/[OH:6])[c:13]1[cH:14][cH:15][cH:16][cH:17][cH:18]1)(=[O:3])[c:7]1[cH:8][cH:9][cH:10][cH:11][cH:12]1,0,False,False,1,1
111,0.18,311,38,dmso,methanesulfinylmethane,1.0,CC(=O)CC(C)=O,CC(=O)/C=C(\C)O,[C:1]([CH2:2][C:4](=[O:5])[CH3:7])(=[O:3])[CH3:6],[C:1](/[CH:2]=[C:4](/[OH:5])[CH3:7])(=[O:3])[CH3:6],0,False,False,1,1
112,-0.77,306,33,dmso,methanesulfinylmethane,1.0,CC(=O)Cc1ccccn1,C/C(O)=C\c1ccccn1,[C:1]([CH2:2][c:4]1[n:6][cH:7][cH:8][cH:9][cH:10]1)(=[O:3])[CH3:5],[C:1](=[CH:2]/[c:4]1[n:6][cH:7][cH:8][cH:9][cH:10]1)(\[OH:3])[CH3:5],0,False,False,1,1
113,-0.88,306,33,dmso,methanesulfinylmethane,1.0,CCC(=O)Cc1ccccn1,CC/C(O)=C\c1ccccn1,[C:1]([CH2:2][c:4]1[n:6][cH:7][cH:8][cH:9][cH:10]1)(=[O:3])[CH2:5][CH3:11],[C:1](=[CH:2]/[c:4]1[n:6][cH:7][cH:8][cH:9][cH:10]1)(\[OH:3])[CH2:5][CH3:11],0,False,False,1,1
114,-0.72,306,33,dmso,methanesulfinylmethane,1.0,CCCC(=O)Cc1ccccn1,CCC/C(O)=C\c1ccccn1,[C:1]([CH2:2][c:4]1[n:6][cH:7][cH:8][cH:9][cH:10]1)(=[O:3])[CH2:5][CH2:11][CH3:12],[C:1](=[CH:2]/[c:4]1[n:6][cH:7][cH:8][cH:9][cH:10]1)(\[OH:3])[CH2:5][CH2:11][CH3:12],0,False,False,1,1
115,-0.79,306,33,dmso,methanesulfinylmethane,1.0,CC(C)C(=O)Cc1ccccn1,CC(C)/C(O)=C\c1ccccn1,[C:1]([CH2:2][c:4]1[n:6][cH:7][cH:8][cH:9][cH:10]1)(=[O:3])[CH:5]([CH3:11])[CH3:12],[C:1](=[CH:2]/[c:4]1[n:6][cH:7][cH:8][cH:9][cH:10]1)(\[OH:3])[CH:5]([CH3:11])[CH3:12],0,False,False,1,1
116,-0.7,306,33,dmso,methanesulfinylmethane,1.0,CCCCC(=O)Cc1ccccn1,CCCC/C(O)=C\c1ccccn1,[C:1]([CH2:2][c:4]1[n:6][cH:7][cH:8][cH:9][cH:10]1)(=[O:3])[CH2:5][CH2:11][CH2:12][CH3:13],[C:1](=[CH:2]/[c:4]1[n:6][cH:7][cH:8][cH:9][cH:10]1)(\[OH:3])[CH2:5][CH2:11][CH2:12][CH3:13],0,False,False,1,1
117,-0.55,306,33,dmso,methanesulfinylmethane,1.0,CC(C)CC(=O)Cc1ccccn1,CC(C)C/C(O)=C\c1ccccn1,[C:1]([CH2:2][c:4]1[n:6][cH:7][cH:8][cH:9][cH:10]1)(=[O:3])[CH2:5][CH:11]([CH3:12])[CH3:13],[C:1](=[CH:2]/[c:4]1[n:6][cH:7][cH:8][cH:9][cH:10]1)(\[OH:3])[CH2:5][CH:11]([CH3:12])[CH3:13],0,False,False,1,1
118,-0.39,306,33,dmso,methanesulfinylmethane,1.0,CCC(C)C(=O)Cc1ccccn1,CCC(C)/C(O)=C\c1ccccn1,[C:1]([CH2:2][c:4]1[n:6][cH:7][cH:8][cH:9][cH:10]1)(=[O:3])[CH:5]([CH2:11][CH3:13])[CH3:12],[C:1](=[CH:2]/[c:4]1[n:6][cH:7][cH:8][cH:9][cH:10]1)(\[OH:3])[CH:5]([CH2:11][CH3:13])[CH3:12],0,False,False,1,1
119,-0.4,306,33,dmso,methanesulfinylmethane,1.0,CC(C)(C)C(=O)Cc1ccccn1,CC(C)(C)/C(O)=C\c1ccccn1,[C:1]([CH2:2][c:4]1[n:6][cH:7][cH:8][cH:9][cH:10]1)(=[O:3])[C:5]([CH3:11])([CH3:12])[CH3:13],[C:1](=[CH:2]/[c:4]1[n:6][cH:7][cH:8][cH:9][cH:10]1)(\[OH:3])[C:5]([CH3:11])([CH3:12])[CH3:13],0,False,False,1,1
120,-0.68,306,33,dmso,methanesulfinylmethane,1.0,CCCCCC(=O)Cc1ccccn1,CCCCC/C(O)=C\c1ccccn1,[C:1]([CH2:2][c:4]1[n:6][cH:7][cH:8][cH:9][cH:10]1)(=[O:3])[CH2:5][CH2:11][CH2:12][CH2:13][CH3:14],[C:1](=[CH:2]/[c:4]1[n:6][cH:7][cH:8][cH:9][cH:10]1)(\[OH:3])[CH2:5][CH2:11][CH2:12][CH2:13][CH3:14],0,False,False,1,1
131,-0.37,300,27,benzene,benzene,1.0,CC(=O)C(C1CCC1=O)C1CCC1=O,C/C(O)=C(/C1CCC1=O)C1CCC1=O,[C:1]([CH:2]([CH:5]1[CH2:6][CH2:8][C:7]1=[O:14])[CH:9]1[CH2:10][CH2:12][C:11]1=[O:13])(=[O:3])[CH3:4],[C:1](=[C:2](\[CH:5]1[CH2:6][CH2:8][C:7]1=[O:14])[CH:9]1[CH2:10][CH2:12][C:11]1=[O:13])(\[OH:3])[CH3:4],0,False,False,1,1
132,-0.59,293,20,benzene,benzene,1.0,CC(=O)CC(=O)Nc1ccccc1,C/C(O)=C\C(=O)Nc1ccccc1,[C:1]([CH2:2][C:4](=[O:5])[NH:7][c:8]1[cH:9][cH:10][cH:11][cH:12][cH:13]1)(=[O:3])[CH3:6],[C:1](=[CH:2]/[C:4](=[O:5])[NH:7][c:8]1[cH:9][cH:10][cH:11][cH:12][cH:13]1)(\[OH:3])[CH3:6],0,False,False,1,1
133,-1.32,293,20,benzene,benzene,1.0,CC(=O)C(C)C(=O)Nc1ccccc1,C/C(O)=C(/C)C(=O)Nc1ccccc1,[C:1]([CH:2]([CH3:4])[C:5](=[O:6])[NH:8][c:9]1[cH:10][cH:11][cH:12][cH:13][cH:14]1)(=[O:3])[CH3:7],[C:1](=[C:2](\[CH3:4])[C:5](=[O:6])[NH:8][c:9]1[cH:10][cH:11][cH:12][cH:13][cH:14]1)(\[OH:3])[CH3:7],0,False,False,1,1
134,0.55,293,20,benzene,benzene,1.0,CC(=O)C(Cl)C(=O)Nc1ccccc1,C/C(O)=C(/Cl)C(=O)Nc1ccccc1,[C:1]([CH:2]([Cl:4])[C:5](=[O:6])[NH:8][c:9]1[cH:10][cH:11][cH:12][cH:13][cH:14]1)(=[O:3])[CH3:7],[C:1](=[C:2](\[Cl:4])[C:5](=[O:6])[NH:8][c:9]1[cH:10][cH:11][cH:12][cH:13][cH:14]1)(\[OH:3])[CH3:7],0,False,False,1,1
135,-0.11,293,20,benzene,benzene,1.0,CC(=O)C(Br)C(=O)Nc1ccccc1,C/C(O)=C(/Br)C(=O)Nc1ccccc1,[C:1]([CH:2]([Br:4])[C:5](=[O:6])[NH:8][c:9]1[cH:10][cH:11][cH:12][cH:13][cH:14]1)(=[O:3])[CH3:7],[C:1](=[C:2](\[Br:4])[C:5](=[O:6])[NH:8][c:9]1[cH:10][cH:11][cH:12][cH:13][cH:14]1)(\[OH:3])[CH3:7],0,False,False,1,1
136,-0.71,293,20,benzene,benzene,1.0,CC(=O)C(C(=O)Nc1ccccc1)c1ccccc1,C/C(O)=C(\C(=O)Nc1ccccc1)c1ccccc1,[C:1]([CH:2]([c:4]1[cH:15][cH:16][cH:17][cH:18][cH:19]1)[C:5](=[O:6])[NH:8][c:9]1[cH:10][cH:11][cH:12][cH:13][cH:14]1)(=[O:3])[CH3:7],[C:1](=[C:2](\[c:4]1[cH:15][cH:16][cH:17][cH:18][cH:19]1)[C:5](=[O:6])[NH:8][c:9]1[cH:10][cH:11][cH:12][cH:13][cH:14]1)(\[OH:3])[CH3:7],0,False,False,1,1
171,0.95,299,26,dmf,"n,n-dimethylformamide",1.0,CC(=O)CC=O,C/C(O)=C\C=O,[C:1]([CH2:2][CH:5]=[O:6])(=[O:3])[CH3:4],[C:1](=[CH:2]/[CH:5]=[O:6])(\[OH:3])[CH3:4],0,False,False,1,1
172,0.72,299,26,dmf,"n,n-dimethylformamide",1.0,CC(C)(C)C(=O)CC=O,CC(C)(C)/C(O)=C\C=O,[C:1]([CH2:2][CH:5]=[O:6])(=[O:3])[C:4]([CH3:7])([CH3:8])[CH3:9],[C:1](=[CH:2]/[CH:5]=[O:6])(\[OH:3])[C:4]([CH3:7])([CH3:8])[CH3:9],0,False,False,1,1
173,0.87,299,26,dmf,"n,n-dimethylformamide",1.0,CC(=O)C(C)C=O,C/C(O)=C(/C)C=O,[C:1]([CH:2]([CH:5]=[O:6])[CH3:7])(=[O:3])[CH3:4],[C:1](=[C:2](/[CH:5]=[O:6])[CH3:7])(\[OH:3])[CH3:4],0,False,False,1,1
174,1.2,299,26,thf,oxolane,1.0,CCC(=O)C(C)C=O,CC/C(O)=C(/C)C=O,[C:1]([CH:2]([CH:5]=[O:6])[CH3:7])(=[O:3])[CH2:4][CH3:8],[C:1](=[C:2](/[CH:5]=[O:6])[CH3:7])(\[OH:3])[CH2:4][CH3:8],0,False,False,1,1
175,5.3,294,21,water,water,1.0,Nc1ccccn1,N=c1cccc[nH]1,[cH:1]1[cH:2][cH:3][n:4][c:5]([NH2:7])[cH:6]1,[cH:1]1[cH:2][cH:3][nH:4][c:5](=[NH:7])[cH:6]1,0,False,False,1,1
176,6.16,308,35,water,water,1.0,Nc1ccccn1,N=c1cccc[nH]1,[cH:1]1[cH:2][cH:3][n:4][c:5]([NH2:7])[cH:6]1,[cH:1]1[cH:2][cH:3][nH:4][c:5](=[NH:7])[cH:6]1,0,False,False,1,1
177,3.3,294,21,water,water,1.0,Nc1ccncc1,N=c1cc[nH]cc1,[c:1]1([NH2:7])[cH:2][cH:3][n:4][cH:5][cH:6]1,[c:1]1(=[NH:7])[cH:2][cH:3][nH:4][cH:5][cH:6]1,0,False,False,1,1
178,4.3,294,21,water,water,1.0,Nc1nccs1,N=c1[nH]ccs1,[s:1]1[cH:2][cH:3][n:4][c:5]1[NH2:6],[s:1]1[cH:2][cH:3][nH:4][c:5]1=[NH:6],0,False,False,1,1
179,5.3,294,21,water,water,1.0,Nc1nc(N)nc(N)n1,N=c1nc(N)nc(N)[nH]1,[c:1]1([NH2:7])[n:2][c:3]([NH2:9])[n:4][c:5]([NH2:8])[n:6]1,[c:1]1([NH2:7])[n:2][c:3]([NH2:9])[n:4][c:5](=[NH:8])[nH:6]1,0,False,False,1,1
232,0.1,328,55,dmso,methanesulfinylmethane,1.0,CN/C(=C\c1ccccc1)c1ccccc1,C/N=C(/Cc1ccccc1)c1ccccc1,[C:1](=[CH:2]\[c:6]1[cH:7][cH:8][cH:9][cH:10][cH:11]1)(\[NH:3][CH3:5])[c:4]1[cH:12][cH:13][cH:14][cH:15][cH:16]1,[C:1](\[CH2:2][c:6]1[cH:7][cH:8][cH:9][cH:10][cH:11]1)(=[N:3]/[CH3:5])[c:4]1[cH:12][cH:13][cH:14][cH:15][cH:16]1,0,False,False,1,1
233,-0.16,328,55,dmso,methanesulfinylmethane,1.0,CN/C(=C\c1ccccc1)Cc1ccccc1,C/N=C(\Cc1ccccc1)Cc1ccccc1,[C:1](=[CH:2]\[c:6]1[cH:7][cH:8][cH:9][cH:10][cH:11]1)(\[NH:3][CH3:5])[CH2:4][c:12]1[cH:13][cH:14][cH:15][cH:16][cH:17]1,[C:1](\[CH2:2][c:6]1[cH:7][cH:8][cH:9][cH:10][cH:11]1)(=[N:3]\[CH3:5])[CH2:4][c:12]1[cH:13][cH:14][cH:15][cH:16][cH:17]1,0,False,False,1,1
234,-0.66,353,80,dmso,methanesulfinylmethane,1.0,CCOC(=O)/C=C(/C)NN(C)c1ccccc1,CCOC(=O)C/C(C)=N/N(C)c1ccccc1,[C:1](=[CH:2]\[C:6](=[O:14])[O:15][CH2:16][CH3:17])(\[NH:3][N:5]([c:7]1[cH:9][cH:10][cH:11][cH:12][cH:13]1)[CH3:8])[CH3:4],[C:1](\[CH2:2][C:6](=[O:14])[O:15][CH2:16][CH3:17])(=[N:3]/[N:5]([c:7]1[cH:9][cH:10][cH:11][cH:12][cH:13]1)[CH3:8])[CH3:4],0,False,False,1,1
235,0.82,328,55,dmso,methanesulfinylmethane,1.0,C/C=C(\Nc1ccccc1)c1ccccc1,CC/C(=N/c1ccccc1)c1ccccc1,[C:1](=[CH:2]\[CH3:6])(\[NH:3][c:5]1[cH:12][cH:13][cH:14][cH:15][cH:16]1)[c:4]1[cH:7][cH:8][cH:9][cH:10][cH:11]1,[C:1](\[CH2:2][CH3:6])(=[N:3]/[c:5]1[cH:12][cH:13][cH:14][cH:15][cH:16]1)[c:4]1[cH:7][cH:8][cH:9][cH:10][cH:11]1,0,False,False,1,1
236,0.5,328,55,dmso,methanesulfinylmethane,1.0,C/C=C(\Nc1ccc(Cl)cc1)c1ccccc1,CC/C(=N/c1ccc(Cl)cc1)c1ccccc1,[C:1](=[CH:2]\[CH3:6])(\[NH:3][c:5]1[cH:12][cH:13][c:14]([Cl:17])[cH:15][cH:16]1)[c:4]1[cH:7][cH:8][cH:9][cH:10][cH:11]1,[C:1](\[CH2:2][CH3:6])(=[N:3]/[c:5]1[cH:12][cH:13][c:14]([Cl:17])[cH:15][cH:16]1)[c:4]1[cH:7][cH:8][cH:9][cH:10][cH:11]1,0,False,False,1,1
237,1.2,328,55,dmso,methanesulfinylmethane,1.0,C/C=C(\Nc1ccc(OC)cc1)c1ccccc1,CC/C(=N/c1ccc(OC)cc1)c1ccccc1,[C:1](=[CH:2]\[CH3:6])(\[NH:3][c:5]1[cH:12][cH:13][c:14]([O:17][CH3:18])[cH:15][cH:16]1)[c:4]1[cH:7][cH:8][cH:9][cH:10][cH:11]1,[C:1](\[CH2:2][CH3:6])(=[N:3]/[c:5]1[cH:12][cH:13][c:14]([O:17][CH3:18])[cH:15][cH:16]1)[c:4]1[cH:7][cH:8][cH:9][cH:10][cH:11]1,0,False,False,1,1
238,0.9,328,55,dmso,methanesulfinylmethane,1.0,C/C=C(/C)Nc1ccccc1,CC/C(C)=N/c1ccccc1,[C:1](=[CH:2]\[CH3:6])(\[NH:3][c:5]1[cH:7][cH:8][cH:9][cH:10][cH:11]1)[CH3:4],[C:1](\[CH2:2][CH3:6])(=[N:3]/[c:5]1[cH:7][cH:8][cH:9][cH:10][cH:11]1)[CH3:4],0,False,False,1,1
239,0.59,328,55,dmso,methanesulfinylmethane,1.0,C/C=C(/C)Nc1ccc(Cl)cc1,CC/C(C)=N/c1ccc(Cl)cc1,[C:1](=[CH:2]\[CH3:6])(\[NH:3][c:5]1[cH:7][cH:8][c:9]([Cl:12])[cH:10][cH:11]1)[CH3:4],[C:1](\[CH2:2][CH3:6])(=[N:3]/[c:5]1[cH:7][cH:8][c:9]([Cl:12])[cH:10][cH:11]1)[CH3:4],0,False,False,1,1
240,0.93,328,55,dmso,methanesulfinylmethane,1.0,C/C=C(/C)Nc1ccc(OC)cc1,CC/C(C)=N/c1ccc(OC)cc1,[C:1](=[CH:2]\[CH3:6])(\[NH:3][c:5]1[cH:7][cH:8][c:9]([O:12][CH3:13])[cH:10][cH:11]1)[CH3:4],[C:1](\[CH2:2][CH3:6])(=[N:3]/[c:5]1[cH:7][cH:8][c:9]([O:12][CH3:13])[cH:10][cH:11]1)[CH3:4],0,False,False,1,1
241,-0.59,328,55,dmso,methanesulfinylmethane,1.0,Clc1ccc(N/C(=C\c2ccccc2)c2ccccc2)cc1,Clc1ccc(/N=C(/Cc2ccccc2)c2ccccc2)cc1,[C:1](=[CH:2]\[c:6]1[cH:17][cH:18][cH:19][cH:20][cH:21]1)(\[NH:3][c:5]1[cH:7][cH:8][c:9]([Cl:22])[cH:10][cH:11]1)[c:4]1[cH:12][cH:13][cH:14][cH:15][cH:16]1,[C:1](\[CH2:2][c:6]1[cH:17][cH:18][cH:19][cH:20][cH:21]1)(=[N:3]/[c:5]1[cH:7][cH:8][c:9]([Cl:22])[cH:10][cH:11]1)[c:4]1[cH:12][cH:13][cH:14][cH:15][cH:16]1,0,False,False,1,1
242,0.12,328,55,dmso,methanesulfinylmethane,1.0,COc1ccc(N/C(=C\c2ccccc2)c2ccccc2)cc1,COc1ccc(/N=C(/Cc2ccccc2)c2ccccc2)cc1,[C:1](=[CH:2]\[c:6]1[cH:17][cH:18][cH:19][cH:20][cH:21]1)(\[NH:3][c:5]1[cH:7][cH:8][c:9]([O:22][CH3:23])[cH:10][cH:11]1)[c:4]1[cH:12][cH:13][cH:14][cH:15][cH:16]1,[C:1](\[CH2:2][c:6]1[cH:17][cH:18][cH:19][cH:20][cH:21]1)(=[N:3]/[c:5]1[cH:7][cH:8][c:9]([O:22][CH3:23])[cH:10][cH:11]1)[c:4]1[cH:12][cH:13][cH:14][cH:15][cH:16]1,0,False,False,1,1
243,0.67,328,55,dmso,methanesulfinylmethane,1.0,C(=C(/Cc1ccccc1)Nc1ccccc1)\c1ccccc1,c1ccc(C/C(Cc2ccccc2)=N\c2ccccc2)cc1,[C:1](=[CH:2]\[c:6]1[cH:12][cH:13][cH:14][cH:15][cH:16]1)(\[NH:3][c:5]1[cH:7][cH:8][cH:9][cH:10][cH:11]1)[CH2:4][c:17]1[cH:18][cH:19][cH:20][cH:21][cH:22]1,[C:1](\[CH2:2][c:6]1[cH:12][cH:13][cH:14][cH:15][cH:16]1)(=[N:3]\[c:5]1[cH:7][cH:8][cH:9][cH:10][cH:11]1)[CH2:4][c:17]1[cH:18][cH:19][cH:20][cH:21][cH:22]1,0,False,False,1,1
244,0.34,328,55,dmso,methanesulfinylmethane,1.0,Clc1ccc(N/C(=C\c2ccccc2)Cc2ccccc2)cc1,Clc1ccc(/N=C(\Cc2ccccc2)Cc2ccccc2)cc1,[C:1](=[CH:2]\[c:6]1[cH:12][cH:13][cH:14][cH:15][cH:16]1)(\[NH:3][c:5]1[cH:7][cH:8][c:9]([Cl:23])[cH:10][cH:11]1)[CH2:4][c:17]1[cH:18][cH:19][cH:20][cH:21][cH:22]1,[C:1](\[CH2:2][c:6]1[cH:12][cH:13][cH:14][cH:15][cH:16]1)(=[N:3]\[c:5]1[cH:7][cH:8][c:9]([Cl:23])[cH:10][cH:11]1)[CH2:4][c:17]1[cH:18][cH:19][cH:20][cH:21][cH:22]1,0,False,False,1,1
245,0.89,328,55,dmso,methanesulfinylmethane,1.0,COc1ccc(N/C(=C\c2ccccc2)Cc2ccccc2)cc1,COc1ccc(/N=C(\Cc2ccccc2)Cc2ccccc2)cc1,[C:1](=[CH:2]\[c:6]1[cH:12][cH:13][cH:14][cH:15][cH:16]1)(\[NH:3][c:5]1[cH:7][cH:8][c:9]([O:23][CH3:24])[cH:10][cH:11]1)[CH2:4][c:17]1[cH:18][cH:19][cH:20][cH:21][cH:22]1,[C:1](\[CH2:2][c:6]1[cH:12][cH:13][cH:14][cH:15][cH:16]1)(=[N:3]\[c:5]1[cH:7][cH:8][c:9]([O:23][CH3:24])[cH:10][cH:11]1)[CH2:4][c:17]1[cH:18][cH:19][cH:20][cH:21][cH:22]1,0,False,False,1,1
271,3.34,293,20,water,water,1.0,Oc1ccncc1,O=c1cc[nH]cc1,[c:1]1([OH:7])[cH:2][cH:3][n:4][cH:5][cH:6]1,[c:1]1(=[O:7])[cH:2][cH:3][nH:4][cH:5][cH:6]1,0,False,False,1,1
272,3.29,293,20,water,water,1.0,Oc1ccncc1,O=c1cc[nH]cc1,[c:1]1([OH:7])[cH:2][cH:3][n:4][cH:5][cH:6]1,[c:1]1(=[O:7])[cH:2][cH:3][nH:4][cH:5][cH:6]1,0,False,False,1,1
273,0.42,293,20,water,water,1.0,COC(=O)c1cc(O)cc(C(=O)OC)n1,COC(=O)c1cc(=O)cc(C(=O)OC)[nH]1,[c:1]1([OH:7])[cH:2][c:3]([C:8](=[O:9])[O:10][CH3:11])[n:4][c:5]([C:12]([O:13][CH3:15])=[O:14])[cH:6]1,[c:1]1(=[O:7])[cH:2][c:3]([C:8](=[O:9])[O:10][CH3:11])[nH:4][c:5]([C:12]([O:13][CH3:15])=[O:14])[cH:6]1,0,False,False,1,1
274,3.68,293,20,water,water,1.0,Oc1ccc2ccccc2n1,O=c1ccc2ccccc2[nH]1,[cH:1]1[c:2]2[c:3]([n:4][c:5]([OH:11])[cH:6]1)[cH:7][cH:8][cH:9][cH:10]2,[cH:1]1[c:2]2[c:3]([nH:4][c:5](=[O:11])[cH:6]1)[cH:7][cH:8][cH:9][cH:10]2,0,False,False,1,1
275,4.285,293,20,water,water,1.0,Oc1ccnc2ccccc12,O=c1cc[nH]c2ccccc12,[c:1]1([OH:11])[c:2]2[c:3]([n:4][cH:5][cH:6]1)[cH:7][cH:8][cH:9][cH:10]2,[c:1]1(=[O:11])[c:2]2[c:3]([nH:4][cH:5][cH:6]1)[cH:7][cH:8][cH:9][cH:10]2,0,False,False,1,1
276,-1.28,293,20,water,water,1.0,Oc1cccc2ncccc12,O=c1cccc2[nH]cccc1-2,[cH:1]1[c:2]2[c:3]([n:4][cH:5][cH:6]1)[cH:7][cH:8][cH:9][c:10]2[OH:11],[cH:1]1[c:2]2[c:10](=[O:11])[cH:9][cH:8][cH:7][c:3]-2[nH:4][cH:5][cH:6]1,0,False,False,1,1
277,-1.36,313,40,water,water,1.0,Oc1cccc2ncccc12,O=c1cccc2[nH]cccc1-2,[cH:1]1[c:2]2[c:3]([n:4][cH:5][cH:6]1)[cH:7][cH:8][cH:9][c:10]2[OH:11],[cH:1]1[c:2]2[c:10](=[O:11])[cH:9][cH:8][cH:7][c:3]-2[nH:4][cH:5][cH:6]1,0,False,False,1,1
278,-1.44,333,60,water,water,1.0,Oc1cccc2ncccc12,O=c1cccc2[nH]cccc1-2,[cH:1]1[c:2]2[c:3]([n:4][cH:5][cH:6]1)[cH:7][cH:8][cH:9][c:10]2[OH:11],[cH:1]1[c:2]2[c:10](=[O:11])[cH:9][cH:8][cH:7][c:3]-2[nH:4][cH:5][cH:6]1,0,False,False,1,1
279,-1.54,353,80,water,water,1.0,Oc1cccc2ncccc12,O=c1cccc2[nH]cccc1-2,[cH:1]1[c:2]2[c:3]([n:4][cH:5][cH:6]1)[cH:7][cH:8][cH:9][c:10]2[OH:11],[cH:1]1[c:2]2[c:10](=[O:11])[cH:9][cH:8][cH:7][c:3]-2[nH:4][cH:5][cH:6]1,0,False,False,1,1
280,4.555,293,20,water,water,1.0,Oc1nccc2ccccc12,O=c1[nH]ccc2ccccc12,[cH:1]1[c:2]2[c:3]([c:4]([OH:11])[n:5][cH:6]1)[cH:7][cH:8][cH:9][cH:10]2,[cH:1]1[c:2]2[c:3]([c:4](=[O:11])[nH:5][cH:6]1)[cH:7][cH:8][cH:9][cH:10]2,0,False,False,1,1
281,0.305,293,20,water,water,1.0,Oc1ccc2cnccc2c1,O=c1ccc2c[nH]ccc-2c1,[cH:1]1[c:2]2[c:3]([cH:4][n:5][cH:6]1)[cH:7][cH:8][c:9]([OH:11])[cH:10]2,[cH:1]1[c:2]2[cH:10][c:9](=[O:11])[cH:8][cH:7][c:3]-2[cH:4][nH:5][cH:6]1,0,False,False,1,1
282,0.16,313,40,water,water,1.0,Oc1ccc2cnccc2c1,O=c1ccc2c[nH]ccc-2c1,[cH:1]1[c:2]2[c:3]([cH:4][n:5][cH:6]1)[cH:7][cH:8][c:9]([OH:11])[cH:10]2,[cH:1]1[c:2]2[cH:10][c:9](=[O:11])[cH:8][cH:7][c:3]-2[cH:4][nH:5][cH:6]1,0,False,False,1,1
283,-0.16,353,80,water,water,1.0,Oc1ccc2cnccc2c1,O=c1ccc2c[nH]ccc-2c1,[cH:1]1[c:2]2[c:3]([cH:4][n:5][cH:6]1)[cH:7][cH:8][c:9]([OH:11])[cH:10]2,[cH:1]1[c:2]2[cH:10][c:9](=[O:11])[cH:8][cH:7][c:3]-2[cH:4][nH:5][cH:6]1,0,False,False,1,1
284,0.16,293,20,water,water,1.0,Oc1cccc2ccncc12,O=c1cccc2cc[nH]cc1-2,[cH:1]1[c:2]2[c:3]([cH:4][n:5][cH:6]1)[c:7]([OH:11])[cH:8][cH:9][cH:10]2,[cH:1]1[c:2]2[cH:10][cH:9][cH:8][c:7](=[O:11])[c:3]-2[cH:4][nH:5][cH:6]1,0,False,False,1,1
285,-0.17,313,40,water,water,1.0,Oc1cccc2ccncc12,O=c1cccc2cc[nH]cc1-2,[cH:1]1[c:2]2[c:3]([cH:4][n:5][cH:6]1)[c:7]([OH:11])[cH:8][cH:9][cH:10]2,[cH:1]1[c:2]2[cH:10][cH:9][cH:8][c:7](=[O:11])[c:3]-2[cH:4][nH:5][cH:6]1,0,False,False,1,1
286,-0.3,333,60,water,water,1.0,Oc1cccc2ccncc12,O=c1cccc2cc[nH]cc1-2,[cH:1]1[c:2]2[c:3]([cH:4][n:5][cH:6]1)[c:7]([OH:11])[cH:8][cH:9][cH:10]2,[cH:1]1[c:2]2[cH:10][cH:9][cH:8][c:7](=[O:11])[c:3]-2[cH:4][nH:5][cH:6]1,0,False,False,1,1
287,-0.5,353,80,water,water,1.0,Oc1cccc2ccncc12,O=c1cccc2cc[nH]cc1-2,[cH:1]1[c:2]2[c:3]([cH:4][n:5][cH:6]1)[c:7]([OH:11])[cH:8][cH:9][cH:10]2,[cH:1]1[c:2]2[cH:10][cH:9][cH:8][c:7](=[O:11])[c:3]-2[cH:4][nH:5][cH:6]1,0,False,False,1,1
288,3.9,293,20,water,water,1.0,Oc1nc2ccccc2c2ccccc12,O=c1[nH]c2ccccc2c2ccccc12,[c:1]12[c:2]3[c:3]([c:4]([OH:15])[n:5][c:6]1[cH:14][cH:13][cH:12][cH:11]2)[cH:7][cH:8][cH:9][cH:10]3,[c:1]12[c:2]3[c:3]([c:4](=[O:15])[nH:5][c:6]1[cH:14][cH:13][cH:12][cH:11]2)[cH:7][cH:8][cH:9][cH:10]3,0,False,False,1,1
289,0.25,308,35,water,water,1.0,c1ccc(CC2=NCCCC2)cc1,C(=C1/CCCCN1)\c1ccccc1,[CH2:1]1[CH2:2][CH2:3][N:4]=[C:5]([CH2:7][c:8]2[cH:9][cH:10][cH:11][cH:12][cH:13]2)[CH2:6]1,[CH2:1]1[CH2:2][CH2:3][NH:4]/[C:5](=[CH:7]\[c:8]2[cH:9][cH:10][cH:11][cH:12][cH:13]2)[CH2:6]1,0,False,False,1,1
290,0.55,308,35,water,water,1.0,c1ccc(C(C2=NCCCC2)c2ccccc2)cc1,c1ccc(/C(=C2/CCCCN2)c2ccccc2)cc1,[CH2:1]1[CH2:2][CH2:3][N:4]=[C:5]([CH:7]([c:8]2[cH:10][cH:11][cH:12][cH:13][cH:14]2)[c:9]2[cH:15][cH:16][cH:17][cH:18][cH:19]2)[CH2:6]1,[CH2:1]1[CH2:2][CH2:3][NH:4]/[C:5](=[C:7](\[c:8]2[cH:10][cH:11][cH:12][cH:13][cH:14]2)[c:9]2[cH:15][cH:16][cH:17][cH:18][cH:19]2)[CH2:6]1,0,False,False,1,1
291,8.3,298,25,water,water,1.0,NC(=S)c1ccccc1,N=C(S)c1ccccc1,[NH2:1][C:2]([c:3]1[cH:5][cH:6][cH:7][cH:8][cH:9]1)=[S:4],[NH:1]=[C:2]([c:3]1[cH:5][cH:6][cH:7][cH:8][cH:9]1)[SH:4],0,False,False,1,1
292,9.6,298,25,water,water,1.0,CNC(C)=S,C/N=C(/C)S,[NH:1]([C:2]([CH3:3])=[S:4])[CH3:5],[N:1](=[C:2](/[CH3:3])[SH:4])\[CH3:5],0,False,False,1,1
293,8.9,298,25,water,water,1.0,CNC(=S)c1ccccc1,C/N=C(\S)c1ccccc1,[NH:1]([C:2]([c:3]1[cH:6][cH:7][cH:8][cH:9][cH:10]1)=[S:4])[CH3:5],[N:1](=[C:2](/[c:3]1[cH:6][cH:7][cH:8][cH:9][cH:10]1)[SH:4])\[CH3:5],0,False,False,1,1
294,-5.1,298,25,water,water,1.0,S=c1[nH]c(-c2ccccc2)co1,Sc1nc(-c2ccccc2)co1,[o:1]1[cH:2][c:3](-[c:7]2[cH:8][cH:9][cH:10][cH:11][cH:12]2)[nH:4][c:5]1=[S:6],[o:1]1[cH:2][c:3](-[c:7]2[cH:8][cH:9][cH:10][cH:11][cH:12]2)[n:4][c:5]1[SH:6],0,False,False,1,1
295,-5.7,298,25,water,water,1.0,S=c1[nH]cc(-c2ccccc2)o1,Sc1ncc(-c2ccccc2)o1,[o:1]1[c:2](-[c:7]2[cH:8][cH:9][cH:10][cH:11][cH:12]2)[cH:3][nH:4][c:5]1=[S:6],[o:1]1[c:2](-[c:7]2[cH:8][cH:9][cH:10][cH:11][cH:12]2)[cH:3][n:4][c:5]1[SH:6],0,False,False,1,1
296,-6.6,298,25,water,water,1.0,Cc1[nH]c(=S)oc1C,Cc1nc(S)oc1C,[o:1]1[c:2]([CH3:8])[c:3]([CH3:7])[nH:4][c:5]1=[S:6],[o:1]1[c:2]([CH3:8])[c:3]([CH3:7])[n:4][c:5]1[SH:6],0,False,False,1,1
297,-5.4,298,25,water,water,1.0,S=c1[nH]cc(-c2ccccc2)s1,Sc1ncc(-c2ccccc2)s1,[s:1]1[c:2](-[c:7]2[cH:8][cH:9][cH:10][cH:11][cH:12]2)[cH:3][nH:4][c:5]1=[S:6],[s:1]1[c:2](-[c:7]2[cH:8][cH:9][cH:10][cH:11][cH:12]2)[cH:3][n:4][c:5]1[SH:6],0,False,False,1,1
298,-6.2,298,25,water,water,1.0,Cc1[nH]c(=S)sc1C,Cc1nc(S)sc1C,[s:1]1[c:2]([CH3:8])[c:3]([CH3:7])[nH:4][c:5]1=[S:6],[s:1]1[c:2]([CH3:8])[c:3]([CH3:7])[n:4][c:5]1[SH:6],0,False,False,1,1
299,-8.2,298,25,water,water,1.0,Cc1[nH]c(=S)[nH]c1C,Cc1nc(S)[nH]c1C,[nH:1]1[c:2]([CH3:8])[c:3]([CH3:7])[nH:4][c:5]1=[S:6],[nH:1]1[c:2]([CH3:8])[c:3]([CH3:7])[n:4][c:5]1[SH:6],0,False,False,1,1
300,-7.6,298,25,water,water,1.0,Cn1cc(-c2ccccc2)[nH]c1=S,Cn1cc(-c2ccccc2)nc1S,[n:1]1([CH3:13])[cH:2][c:3](-[c:7]2[cH:8][cH:9][cH:10][cH:11][cH:12]2)[nH:4][c:5]1=[S:6],[n:1]1([CH3:13])[cH:2][c:3](-[c:7]2[cH:8][cH:9][cH:10][cH:11][cH:12]2)[n:4][c:5]1[SH:6],0,False,False,1,1
301,-6.8,298,25,water,water,1.0,Cn1c(-c2ccccc2)c[nH]c1=S,Cn1c(-c2ccccc2)cnc1S,[n:1]1([CH3:7])[c:2](-[c:8]2[cH:9][cH:10][cH:11][cH:12][cH:13]2)[cH:3][nH:4][c:5]1=[S:6],[n:1]1([CH3:7])[c:2](-[c:8]2[cH:9][cH:10][cH:11][cH:12][cH:13]2)[cH:3][n:4][c:5]1[SH:6],0,False,False,1,1
302,-8.2,298,25,water,water,1.0,Cc1[nH]c(=S)n(C)c1C,Cc1nc(S)n(C)c1C,[n:1]1([CH3:9])[c:2]([CH3:8])[c:3]([CH3:7])[nH:4][c:5]1=[S:6],[n:1]1([CH3:9])[c:2]([CH3:8])[c:3]([CH3:7])[n:4][c:5]1[SH:6],0,False,False,1,1
303,-4.07,291,18,water,water,1.0,CC[N+](=O)[O-],C/C=[N+](/[O-])O,[N+:1](=[O:2])([CH2:3][CH3:5])[O-:4],[N+:1](\[OH:2])(=[CH:3]\[CH3:5])[O-:4],0,False,False,1,1
304,-4.05,298,25,water,water,1.0,CC[N+](=O)[O-],C/C=[N+](/[O-])O,[N+:1](=[O:2])([CH2:3][CH3:5])[O-:4],[N+:1](\[OH:2])(=[CH:3]\[CH3:5])[O-:4],0,False,False,1,1
305,-4.05,273,0,water,water,1.0,CC[N+](=O)[O-],C/C=[N+](/[O-])O,[N+:1](=[O:2])([CH2:3][CH3:5])[O-:4],[N+:1](\[OH:2])(=[CH:3]\[CH3:5])[O-:4],0,False,False,1,1
306,-4.35,303,30,water,water,1.0,CC[N+](=O)[O-],C/C=[N+](/[O-])O,[N+:1](=[O:2])([CH2:3][CH3:5])[O-:4],[N+:1](\[OH:2])(=[CH:3]\[CH3:5])[O-:4],0,False,False,1,1
307,-2.56,298,25,water,water,1.0,CC(C)[N+](=O)[O-],C/C(C)=[N+](\[O-])O,[N+:1](=[O:2])([CH:3]([CH3:5])[CH3:6])[O-:4],[N+:1](\[OH:2])(=[C:3](/[CH3:5])[CH3:6])[O-:4],0,False,False,1,1
308,-2.56,273,0,water,water,1.0,CC(C)[N+](=O)[O-],C/C(C)=[N+](\[O-])O,[N+:1](=[O:2])([CH:3]([CH3:5])[CH3:6])[O-:4],[N+:1](\[OH:2])(=[C:3](/[CH3:5])[CH3:6])[O-:4],0,False,False,1,1
309,-2.53,303,30,water,water,1.0,CC(C)[N+](=O)[O-],C/C(C)=[N+](\[O-])O,[N+:1](=[O:2])([CH:3]([CH3:5])[CH3:6])[O-:4],[N+:1](\[OH:2])(=[C:3](/[CH3:5])[CH3:6])[O-:4],0,False,False,1,1
310,-1.3,273,0,water,water,1.0,CCC([N+](=O)[O-])[N+](=O)[O-],CC/C([N+](=O)[O-])=[N+](\[O-])O,[N+:1](=[O:2])([CH:3]([CH2:5][CH3:9])[N+:6](=[O:7])[O-:8])[O-:4],[N+:1](=[O:2])(/[C:3]([CH2:5][CH3:9])=[N+:6](\[OH:7])[O-:8])[O-:4],0,False,False,1,1
311,3.0,293,20,water,water,1.0,Sc1cc2ccccc2cn1,[S-]c1cc2ccccc2c[nH+]1,[c:1]12[c:2]([cH:3][c:4]([SH:11])[n:5][cH:6]1)[cH:7][cH:8][cH:9][cH:10]2,[c:1]12[c:2]([cH:3][c:4]([S-:11])[nH+:5][cH:6]1)[cH:7][cH:8][cH:9][cH:10]2,0,False,True,1,1
312,-0.02,303,30,acetonitrile,acetonitrile,1.0,CCCCN(CCCC)CC(=O)O,CCCC[NH+](CCCC)CC(=O)[O-],[N:1]([CH2:2][C:4](=[O:12])[OH:13])([CH2:3][CH2:9][CH2:10][CH3:11])[CH2:5][CH2:6][CH2:7][CH3:8],[NH+:1]([CH2:2][C:4](=[O:12])[O-:13])([CH2:3][CH2:9][CH2:10][CH3:11])[CH2:5][CH2:6][CH2:7][CH3:8],0,False,True,1,1
314,-0.11,303,30,acetonitrile,acetonitrile,1.0,CCCCN(CCCC)CCC(=O)O,CCCC[NH+](CCCC)CCC(=O)[O-],[N:1]([CH2:2][CH2:11][C:12]([OH:13])=[O:14])([CH2:3][CH2:8][CH2:9][CH3:10])[CH2:4][CH2:5][CH2:6][CH3:7],[NH+:1]([CH2:2][CH2:11][C:12]([O-:13])=[O:14])([CH2:3][CH2:8][CH2:9][CH3:10])[CH2:4][CH2:5][CH2:6][CH3:7],0,False,True,1,1
315,-0.28,303,30,nitromethane,nitromethane,1.0,CCCCN(CCCC)CCC(=O)O,CCCC[NH+](CCCC)CCC(=O)[O-],[N:1]([CH2:2][CH2:11][C:12]([OH:13])=[O:14])([CH2:3][CH2:8][CH2:9][CH3:10])[CH2:4][CH2:5][CH2:6][CH3:7],[NH+:1]([CH2:2][CH2:11][C:12]([O-:13])=[O:14])([CH2:3][CH2:8][CH2:9][CH3:10])[CH2:4][CH2:5][CH2:6][CH3:7],0,False,True,1,1
316,1.28,307,34,water,water,1.0,CC(=O)C(C)(C)CC(N)=O,CC1(C)CC(=O)NC1(C)O,[C:1]([CH3:2])([C:3]([CH3:4])=[O:5])([CH3:6])[CH2:7][C:8](=[O:9])[NH2:10],[C:1]1([CH3:2])([CH3:6])[C:3]([CH3:4])([OH:5])[NH:10][C:8](=[O:9])[CH2:7]1,0,False,False,1,1
317,0.48,363,90,water,water,1.0,CC(=O)C(C)(C)CC(N)=O,CC1(C)CC(=O)NC1(C)O,[C:1]([CH3:2])([C:3]([CH3:4])=[O:5])([CH3:6])[CH2:7][C:8](=[O:9])[NH2:10],[C:1]1([CH3:2])([CH3:6])[C:3]([CH3:4])([OH:5])[NH:10][C:8](=[O:9])[CH2:7]1,0,False,False,1,1
318,0.22,373,100,water,water,1.0,CC(=O)C(C)(C)CC(N)=O,CC1(C)CC(=O)NC1(C)O,[C:1]([CH3:2])([C:3]([CH3:4])=[O:5])([CH3:6])[CH2:7][C:8](=[O:9])[NH2:10],[C:1]1([CH3:2])([CH3:6])[C:3]([CH3:4])([OH:5])[NH:10][C:8](=[O:9])[CH2:7]1,0,False,False,1,1
319,-0.09,298,25,methanol,methanol,1.0,CC(=O)CCCO,CC1(O)CCCO1,[C:1]([CH2:2][CH2:5][CH2:6][OH:7])([CH3:3])=[O:4],[C:1]1([CH3:3])([OH:4])[CH2:2][CH2:5][CH2:6][O:7]1,0,False,False,1,1
320,-0.29,298,25,methanol,methanol,1.0,CC(=O)CCCCO,CC1(O)CCCCO1,[C:1]([CH2:2][CH2:5][CH2:6][CH2:7][OH:8])([CH3:3])=[O:4],[C:1]1([CH3:3])([OH:4])[CH2:2][CH2:5][CH2:6][CH2:7][O:8]1,0,False,False,1,1
321,0.31,309,36,methanol,methanol,1.0,COC(=O)c1ccccc1C(C)=O,COC1(C)OC(=O)c2ccccc21,[cH:1]1[cH:2][cH:3][cH:4][c:5]([C:11]([CH3:12])=[O:13])[c:6]1[C:7](=[O:8])[O:9][CH3:10],[cH:1]1[cH:2][cH:3][cH:4][c:5]2[c:6]1[C:7](=[O:8])[O:13][C:11]2([O:9][CH3:10])[CH3:12],0,False,False,1,1
322,0.245,313,40,methanol,methanol,1.0,COC(=O)c1ccccc1C(C)=O,COC1(C)OC(=O)c2ccccc21,[cH:1]1[cH:2][cH:3][cH:4][c:5]([C:11]([CH3:12])=[O:13])[c:6]1[C:7](=[O:8])[O:9][CH3:10],[cH:1]1[cH:2][cH:3][cH:4][c:5]2[c:6]1[C:7](=[O:8])[O:13][C:11]2([O:9][CH3:10])[CH3:12],0,False,False,1,1
323,0.33,309,36,methanol,methanol,1.0,CCC(=O)c1ccccc1C(=O)OC,CCC1(OC)OC(=O)c2ccccc21,[cH:1]1[cH:2][cH:3][cH:4][c:5]([C:11]([CH2:12][CH3:14])=[O:13])[c:6]1[C:7](=[O:8])[O:9][CH3:10],[cH:1]1[cH:2][cH:3][cH:4][c:5]2[c:6]1[C:7](=[O:8])[O:13][C:11]2([O:9][CH3:10])[CH2:12][CH3:14],0,False,False,1,1
324,0.42,313,40,methanol,methanol,1.0,CCC(=O)c1ccccc1C(=O)OC,CCC1(OC)OC(=O)c2ccccc21,[cH:1]1[cH:2][cH:3][cH:4][c:5]([C:11]([CH2:12][CH3:14])=[O:13])[c:6]1[C:7](=[O:8])[O:9][CH3:10],[cH:1]1[cH:2][cH:3][cH:4][c:5]2[c:6]1[C:7](=[O:8])[O:13][C:11]2([O:9][CH3:10])[CH2:12][CH3:14],0,False,False,1,1
325,0.48,309,36,methanol,methanol,1.0,COC(=O)c1ccccc1C(=O)C(C)C,COC1(C(C)C)OC(=O)c2ccccc21,[cH:1]1[cH:2][cH:3][cH:4][c:5]([C:11]([CH:12]([CH3:14])[CH3:15])=[O:13])[c:6]1[C:7](=[O:8])[O:9][CH3:10],[cH:1]1[cH:2][cH:3][cH:4][c:5]2[c:6]1[C:7](=[O:8])[O:13][C:11]2([O:9][CH3:10])[CH:12]([CH3:14])[CH3:15],0,False,False,1,1
380,-2.7,278,5,benzene,benzene,1.0,O=C1c2ccccc2Cc2ccccc21,Oc1c2ccccc2cc2ccccc12,[cH:1]1[cH:2][cH:3][cH:4][c:5]2[c:6]1[C:10](=[O:15])[c:9]1[c:8]([cH:11][cH:12][cH:13][cH:14]1)[CH2:7]2,[cH:1]1[cH:2][cH:3][cH:4][c:5]2[c:6]1[c:10]([OH:15])[c:9]1[c:8]([cH:7]2)[cH:11][cH:12][cH:13][cH:14]1,0,False,False,1,1
381,-2.64,289,16,benzene,benzene,1.0,O=C1c2ccccc2Cc2ccccc21,Oc1c2ccccc2cc2ccccc12,[cH:1]1[cH:2][cH:3][cH:4][c:5]2[c:6]1[C:10](=[O:15])[c:9]1[c:8]([cH:11][cH:12][cH:13][cH:14]1)[CH2:7]2,[cH:1]1[cH:2][cH:3][cH:4][c:5]2[c:6]1[c:10]([OH:15])[c:9]1[c:8]([cH:7]2)[cH:11][cH:12][cH:13][cH:14]1,0,False,False,1,1
382,-2.56,299,26,benzene,benzene,1.0,O=C1c2ccccc2Cc2ccccc21,Oc1c2ccccc2cc2ccccc12,[cH:1]1[cH:2][cH:3][cH:4][c:5]2[c:6]1[C:10](=[O:15])[c:9]1[c:8]([cH:11][cH:12][cH:13][cH:14]1)[CH2:7]2,[cH:1]1[cH:2][cH:3][cH:4][c:5]2[c:6]1[c:10]([OH:15])[c:9]1[c:8]([cH:7]2)[cH:11][cH:12][cH:13][cH:14]1,0,False,False,1,1
383,-2.51,308,35,benzene,benzene,1.0,O=C1c2ccccc2Cc2ccccc21,Oc1c2ccccc2cc2ccccc12,[cH:1]1[cH:2][cH:3][cH:4][c:5]2[c:6]1[C:10](=[O:15])[c:9]1[c:8]([cH:11][cH:12][cH:13][cH:14]1)[CH2:7]2,[cH:1]1[cH:2][cH:3][cH:4][c:5]2[c:6]1[c:10]([OH:15])[c:9]1[c:8]([cH:7]2)[cH:11][cH:12][cH:13][cH:14]1,0,False,False,1,1
384,3.3,294,21,water,water,1.0,Nc1ccnc2ccccc12,N=c1cc[nH]c2ccccc12,[c:1]1([NH2:7])[c:2]2[c:3]([n:4][cH:5][cH:6]1)[cH:8][cH:9][cH:10][cH:11]2,[c:1]1(=[NH:7])[c:2]2[c:3]([nH:4][cH:5][cH:6]1)[cH:8][cH:9][cH:10][cH:11]2,0,False,False,1,1
385,0.84,308,35,water,water,1.0,O=S(=O)([O-])c1ccc(/N=N\c2cc(S(=O)(=O)[O-])c(O)c3ccccc23)cc1,O=C1C(S(=O)(=O)[O-])=C/C(=N\Nc2ccc(S(=O)(=O)[O-])cc2)c2ccccc21,[Na+:1].[Na+:2].[cH:3]1[c:4]2[c:5]([cH:6][cH:7][cH:8]1)[c:9]([OH:13])[c:10]([S:14](=[O:15])(=[O:16])[O-:17])[cH:11][c:12]2/[N:18]=[N:19]\[c:20]1[cH:21][cH:22][c:23]([S:26](=[O:27])(=[O:28])[O-:29])[cH:24][cH:25]1,[Na+:2].[Na+:1].[cH:3]1[c:4]2[c:5]([cH:6][cH:7][cH:8]1)[C:9](=[O:13])[C:10]([S:14](=[O:15])(=[O:16])[O-:17])=[CH:11]/[C:12]2=[N:18]\[NH:19][c:20]1[cH:21][cH:22][c:23]([S:26](=[O:27])(=[O:28])[O-:29])[cH:24][cH:25]1,-2,False,False,3,3
388,0.1,293,20,water,water,1.0,Oc1cccnc1,[O-]c1ccc[nH+]c1,[cH:1]1[cH:2][cH:3][n:4][cH:5][c:6]1[OH:7],[cH:1]1[cH:2][cH:3][nH+:4][cH:5][c:6]1[O-:7],0,False,True,1,1
389,-0.05,313,40,water,water,1.0,Oc1cccnc1,[O-]c1ccc[nH+]c1,[cH:1]1[cH:2][cH:3][n:4][cH:5][c:6]1[OH:7],[cH:1]1[cH:2][cH:3][nH+:4][cH:5][c:6]1[O-:7],0,False,True,1,1
390,-0.22,333,60,water,water,1.0,Oc1cccnc1,[O-]c1ccc[nH+]c1,[cH:1]1[cH:2][cH:3][n:4][cH:5][c:6]1[OH:7],[cH:1]1[cH:2][cH:3][nH+:4][cH:5][c:6]1[O-:7],0,False,True,1,1
391,-0.4,353,80,water,water,1.0,Oc1cccnc1,[O-]c1ccc[nH+]c1,[cH:1]1[cH:2][cH:3][n:4][cH:5][c:6]1[OH:7],[cH:1]1[cH:2][cH:3][nH+:4][cH:5][c:6]1[O-:7],0,False,True,1,1
392,-1.08,293,20,water,water,1.0,Oc1cnc2ccccc2c1,[O-]c1c[nH+]c2ccccc2c1,[cH:1]1[c:2]2[c:3]([n:4][cH:5][c:6]1[OH:11])[cH:7][cH:8][cH:9][cH:10]2,[cH:1]1[c:2]2[c:3]([nH+:4][cH:5][c:6]1[O-:11])[cH:7][cH:8][cH:9][cH:10]2,0,False,True,1,1
393,-2.09,293,20,water,water,1.0,Oc1ccc2ncccc2c1,[O-]c1ccc2[nH+]cccc2c1,[cH:1]1[c:2]2[c:3]([n:4][cH:5][cH:6]1)[cH:7][cH:8][c:9]([OH:11])[cH:10]2,[cH:1]1[c:2]2[c:3]([nH+:4][cH:5][cH:6]1)[cH:7][cH:8][c:9]([O-:11])[cH:10]2,0,False,True,1,1
394,0.46,293,20,water,water,1.0,Oc1cncc2ccccc12,[O-]c1c[nH+]cc2ccccc12,[c:1]1([OH:11])[c:2]2[c:3]([cH:4][n:5][cH:6]1)[cH:7][cH:8][cH:9][cH:10]2,[c:1]1([O-:11])[c:2]2[c:3]([cH:4][nH+:5][cH:6]1)[cH:7][cH:8][cH:9][cH:10]2,0,False,True,1,1
395,-1.45,293,20,water,water,1.0,Oc1cccc2cnccc12,[O-]c1cccc2c[nH+]ccc12,[cH:1]1[c:2]2[c:3]([cH:4][n:5][cH:6]1)[cH:7][cH:8][cH:9][c:10]2[OH:11],[cH:1]1[c:2]2[c:3]([cH:4][nH+:5][cH:6]1)[cH:7][cH:8][cH:9][c:10]2[O-:11],0,False,True,1,1
396,-1.37,293,20,water,water,1.0,Oc1ccc2ccncc2c1,[O-]c1ccc2cc[nH+]cc2c1,[cH:1]1[c:2]2[c:3]([cH:4][n:5][cH:6]1)[cH:7][c:8]([OH:11])[cH:9][cH:10]2,[cH:1]1[c:2]2[c:3]([cH:4][nH+:5][cH:6]1)[cH:7][c:8]([O-:11])[cH:9][cH:10]2,0,False,True,1,1
397,7.0,293,20,water,water,1.0,Oc1cccc2cc3ccccc3nc12,[O-]c1cccc2cc3ccccc3[nH+]c12,[n:1]1[c:2]2[c:3]([cH:4][c:5]3[c:6]1[c:14]([OH:15])[cH:13][cH:12][cH:11]3)[cH:7][cH:8][cH:9][cH:10]2,[nH+:1]1[c:2]2[c:3]([cH:4][c:5]3[c:6]1[c:14]([O-:15])[cH:13][cH:12][cH:11]3)[cH:7][cH:8][cH:9][cH:10]2,0,False,True,1,1
399,12.82,308,35,water,water,1.0,c1ccc(C(c2ccccc2)c2ccccn2)cc1,C1=CN/C(=C(\c2ccccc2)c2ccccc2)C=C1,[cH:1]1[cH:2][cH:3][n:4][c:5]([CH:7]([c:8]2[cH:10][cH:11][cH:12][cH:13][cH:14]2)[c:9]2[cH:15][cH:16][cH:17][cH:18][cH:19]2)[cH:6]1,[CH:1]1=[CH:6]/[C:5](=[C:7](/[c:8]2[cH:10][cH:11][cH:12][cH:13][cH:14]2)[c:9]2[cH:15][cH:16][cH:17][cH:18][cH:19]2)[NH:4][CH:3]=[CH:2]1,0,False,False,1,1
400,11.88,308,35,water,water,1.0,c1ccc(Cc2ccccn2)cc1,C1=CN/C(=C/c2ccccc2)C=C1,[cH:1]1[cH:2][cH:3][n:4][c:5]([CH2:7][c:8]2[cH:9][cH:10][cH:11][cH:12][cH:13]2)[cH:6]1,[CH:1]1=[CH:6]/[C:5](=[CH:7]\[c:8]2[cH:9][cH:10][cH:11][cH:12][cH:13]2)[NH:4][CH:3]=[CH:2]1,0,False,False,1,1
401,-0.96,303,30,methanol,methanol,1.0,CC(C)/N=C/c1ccc(O)cc1,CC(C)N/C=C1/C=CC(=O)C=C1,[c:1]1(/[CH:7]=[N:8]/[CH:9]([CH3:10])[CH3:11])[cH:2][cH:3][c:4]([OH:12])[cH:5][cH:6]1,[C:1]1(=[CH:7]/[NH:8][CH:9]([CH3:10])[CH3:11])\[CH:2]=[CH:3][C:4](=[O:12])[CH:5]=[CH:6]1,0,False,False,1,1
409,-0.25,293,20,toluene,toluene,1.0,CCCCN/C=C1\C=CC=CC1=S,CCCC/N=C/c1ccccc1S,[CH:1]1=[CH:2][CH:3]=[CH:4][C:5](=[S:7])/[C:6]1=[CH:8]/[NH:9][CH2:10][CH2:11][CH2:12][CH3:13],[cH:1]1[cH:2][cH:3][cH:4][c:5]([SH:7])[c:6]1/[CH:8]=[N:9]/[CH2:10][CH2:11][CH2:12][CH3:13],0,False,False,1,1
410,-0.21,303,30,toluene,toluene,1.0,CCCCN/C=C1\C=CC=CC1=S,CCCC/N=C/c1ccccc1S,[CH:1]1=[CH:2][CH:3]=[CH:4][C:5](=[S:7])/[C:6]1=[CH:8]/[NH:9][CH2:10][CH2:11][CH2:12][CH3:13],[cH:1]1[cH:2][cH:3][cH:4][c:5]([SH:7])[c:6]1/[CH:8]=[N:9]/[CH2:10][CH2:11][CH2:12][CH3:13],0,False,False,1,1
411,-0.19,313,40,toluene,toluene,1.0,CCCCN/C=C1\C=CC=CC1=S,CCCC/N=C/c1ccccc1S,[CH:1]1=[CH:2][CH:3]=[CH:4][C:5](=[S:7])/[C:6]1=[CH:8]/[NH:9][CH2:10][CH2:11][CH2:12][CH3:13],[cH:1]1[cH:2][cH:3][cH:4][c:5]([SH:7])[c:6]1/[CH:8]=[N:9]/[CH2:10][CH2:11][CH2:12][CH3:13],0,False,False,1,1
412,0.81,283,10,toluene,toluene,1.0,S=C1C=CC=C/C1=C\Nc1ccccc1,Sc1ccccc1/C=N/c1ccccc1,[CH:1]1=[CH:2][CH:3]=[CH:4][C:5](=[S:7])/[C:6]1=[CH:8]/[NH:9][c:10]1[cH:11][cH:12][cH:13][cH:14][cH:15]1,[cH:1]1[cH:2][cH:3][cH:4][c:5]([SH:7])[c:6]1/[CH:8]=[N:9]/[c:10]1[cH:11][cH:12][cH:13][cH:14][cH:15]1,0,False,False,1,1
413,0.86,293,20,toluene,toluene,1.0,S=C1C=CC=C/C1=C\Nc1ccccc1,Sc1ccccc1/C=N/c1ccccc1,[CH:1]1=[CH:2][CH:3]=[CH:4][C:5](=[S:7])/[C:6]1=[CH:8]/[NH:9][c:10]1[cH:11][cH:12][cH:13][cH:14][cH:15]1,[cH:1]1[cH:2][cH:3][cH:4][c:5]([SH:7])[c:6]1/[CH:8]=[N:9]/[c:10]1[cH:11][cH:12][cH:13][cH:14][cH:15]1,0,False,False,1,1
414,0.91,303,30,toluene,toluene,1.0,S=C1C=CC=C/C1=C\Nc1ccccc1,Sc1ccccc1/C=N/c1ccccc1,[CH:1]1=[CH:2][CH:3]=[CH:4][C:5](=[S:7])/[C:6]1=[CH:8]/[NH:9][c:10]1[cH:11][cH:12][cH:13][cH:14][cH:15]1,[cH:1]1[cH:2][cH:3][cH:4][c:5]([SH:7])[c:6]1/[CH:8]=[N:9]/[c:10]1[cH:11][cH:12][cH:13][cH:14][cH:15]1,0,False,False,1,1
415,-0.11,293,20,toluene,toluene,1.0,S=C1C=CC=C/C1=C\Nc1ccccc1,Sc1ccccc1/C=N/c1ccccc1,[CH:1]1=[CH:2][CH:3]=[CH:4][C:5](=[S:7])/[C:6]1=[CH:8]/[NH:9][c:10]1[cH:11][cH:12][cH:13][cH:14][cH:15]1,[cH:1]1[cH:2][cH:3][cH:4][c:5]([SH:7])[c:6]1/[CH:8]=[N:9]/[c:10]1[cH:11][cH:12][cH:13][cH:14][cH:15]1,0,False,False,1,1
416,-0.01,303,30,toluene,toluene,1.0,S=C1C=CC=C/C1=C\Nc1ccccc1,Sc1ccccc1/C=N/c1ccccc1,[CH:1]1=[CH:2][CH:3]=[CH:4][C:5](=[S:7])/[C:6]1=[CH:8]/[NH:9][c:10]1[cH:11][cH:12][cH:13][cH:14][cH:15]1,[cH:1]1[cH:2][cH:3][cH:4][c:5]([SH:7])[c:6]1/[CH:8]=[N:9]/[c:10]1[cH:11][cH:12][cH:13][cH:14][cH:15]1,0,False,False,1,1
417,0.08,313,40,toluene,toluene,1.0,S=C1C=CC=C/C1=C\Nc1ccccc1,Sc1ccccc1/C=N/c1ccccc1,[CH:1]1=[CH:2][CH:3]=[CH:4][C:5](=[S:7])/[C:6]1=[CH:8]/[NH:9][c:10]1[cH:11][cH:12][cH:13][cH:14][cH:15]1,[cH:1]1[cH:2][cH:3][cH:4][c:5]([SH:7])[c:6]1/[CH:8]=[N:9]/[c:10]1[cH:11][cH:12][cH:13][cH:14][cH:15]1,0,False,False,1,1
418,-0.26,298,25,water,water,1.0,Nc1cc(C(=O)O)cc2ccccc12,[NH3+]c1cc(C(=O)[O-])cc2ccccc12,[cH:1]1[c:2]2[c:3]([c:4]([NH2:14])[cH:5][c:6]1[C:11](=[O:12])[OH:13])[cH:7][cH:8][cH:9][cH:10]2,[cH:1]1[c:2]2[c:3]([c:4]([NH3+:14])[cH:5][c:6]1[C:11](=[O:12])[O-:13])[cH:7][cH:8][cH:9][cH:10]2,0,False,True,1,1
419,0.69,298,25,water,water,1.0,Nc1cc(C(=O)O)c2ccccc2c1,[NH3+]c1cc(C(=O)[O-])c2ccccc2c1,[c:1]1([C:12]([OH:13])=[O:14])[c:2]2[c:3]([cH:4][c:5]([NH2:11])[cH:6]1)[cH:7][cH:8][cH:9][cH:10]2,[c:1]1([C:12]([O-:13])=[O:14])[c:2]2[c:3]([cH:4][c:5]([NH3+:11])[cH:6]1)[cH:7][cH:8][cH:9][cH:10]2,0,False,True,1,1
539,-1.02,333,60,dmso,methanesulfinylmethane,1.0,CC(C=O)c1ccccc1,C/C(=C\O)c1ccccc1,[CH:1]([CH:2]([c:4]1[cH:8][cH:7][cH:6][cH:10][cH:9]1)[CH3:5])=[O:3],[CH:1](=[C:2](/[c:4]1[cH:8][cH:7][cH:6][cH:10][cH:9]1)[CH3:5])\[OH:3],0,False,False,1,1
540,-1.01,333,60,dmso,methanesulfinylmethane,1.0,Cc1cccc(C(C)C=O)c1,C/C(=C\O)c1cccc(C)c1,[CH:1]([CH:2]([c:4]1[cH:8][c:7]([CH3:11])[cH:6][cH:10][cH:9]1)[CH3:5])=[O:3],[CH:1](=[C:2](/[c:4]1[cH:8][c:7]([CH3:11])[cH:6][cH:10][cH:9]1)[CH3:5])\[OH:3],0,False,False,1,1
541,-1.09,333,60,dmso,methanesulfinylmethane,1.0,Cc1ccc(C(C)C=O)cc1,C/C(=C\O)c1ccc(C)cc1,[CH:1]([CH:2]([c:4]1[cH:8][cH:7][c:6]([CH3:11])[cH:10][cH:9]1)[CH3:5])=[O:3],[CH:1](=[C:2](/[c:4]1[cH:8][cH:7][c:6]([CH3:11])[cH:10][cH:9]1)[CH3:5])\[OH:3],0,False,False,1,1
542,-1.09,333,60,dmso,methanesulfinylmethane,1.0,CC(C=O)c1ccc(F)cc1,C/C(=C\O)c1ccc(F)cc1,[CH:1]([CH:2]([c:4]1[cH:8][cH:7][c:6]([F:11])[cH:10][cH:9]1)[CH3:5])=[O:3],[CH:1](=[C:2](/[c:4]1[cH:8][cH:7][c:6]([F:11])[cH:10][cH:9]1)[CH3:5])\[OH:3],0,False,False,1,1
543,-0.74,333,60,dmso,methanesulfinylmethane,1.0,CC(C=O)c1ccc(Cl)cc1,C/C(=C\O)c1ccc(Cl)cc1,[CH:1]([CH:2]([c:4]1[cH:8][cH:7][c:6]([Cl:11])[cH:10][cH:9]1)[CH3:5])=[O:3],[CH:1](=[C:2](/[c:4]1[cH:8][cH:7][c:6]([Cl:11])[cH:10][cH:9]1)[CH3:5])\[OH:3],0,False,False,1,1
544,-0.78,333,60,dmso,methanesulfinylmethane,1.0,CC(C=O)c1ccc(Br)cc1,C/C(=C\O)c1ccc(Br)cc1,[CH:1]([CH:2]([c:4]1[cH:8][cH:7][c:6]([Br:11])[cH:10][cH:9]1)[CH3:5])=[O:3],[CH:1](=[C:2](/[c:4]1[cH:8][cH:7][c:6]([Br:11])[cH:10][cH:9]1)[CH3:5])\[OH:3],0,False,False,1,1
545,-0.64,333,60,dmso,methanesulfinylmethane,1.0,CC(C=O)c1cccc(Br)c1,C/C(=C\O)c1cccc(Br)c1,[CH:1]([CH:2]([c:4]1[cH:8][c:7]([Br:11])[cH:6][cH:10][cH:9]1)[CH3:5])=[O:3],[CH:1](=[C:2](/[c:4]1[cH:8][c:7]([Br:11])[cH:6][cH:10][cH:9]1)[CH3:5])\[OH:3],0,False,False,1,1
546,-0.94,333,60,dmso,methanesulfinylmethane,1.0,COc1cccc(C(C)C=O)c1,COc1cccc(/C(C)=C/O)c1,[CH:1]([CH:2]([c:4]1[cH:8][c:7]([O:11][CH3:12])[cH:6][cH:10][cH:9]1)[CH3:5])=[O:3],[CH:1](=[C:2](/[c:4]1[cH:8][c:7]([O:11][CH3:12])[cH:6][cH:10][cH:9]1)[CH3:5])\[OH:3],0,False,False,1,1
547,-1.17,333,60,dmso,methanesulfinylmethane,1.0,COc1ccc(C(C)C=O)cc1,COc1ccc(/C(C)=C/O)cc1,[CH:1]([CH:2]([c:4]1[cH:8][cH:7][c:6]([O:11][CH3:12])[cH:10][cH:9]1)[CH3:5])=[O:3],[CH:1](=[C:2](/[c:4]1[cH:8][cH:7][c:6]([O:11][CH3:12])[cH:10][cH:9]1)[CH3:5])\[OH:3],0,False,False,1,1
548,-0.002,333,60,dmso,methanesulfinylmethane,1.0,CC(C=O)c1ccc([N+](=O)[O-])cc1,C/C(=C\O)c1ccc([N+](=O)[O-])cc1,[CH:1]([CH:2]([c:4]1[cH:8][cH:7][c:6]([N+:11]([O-:12])=[O:13])[cH:10][cH:9]1)[CH3:5])=[O:3],[CH:1](=[C:2](/[c:4]1[cH:8][cH:7][c:6]([N+:11]([O-:12])=[O:13])[cH:10][cH:9]1)[CH3:5])\[OH:3],0,False,False,1,1
549,-0.47,333,60,dmso,methanesulfinylmethane,1.0,CC(C=O)c1cccc([N+](=O)[O-])c1,C/C(=C\O)c1cccc([N+](=O)[O-])c1,[CH:1]([CH:2]([c:4]1[cH:8][c:7]([N+:11](=[O:12])[O-:13])[cH:6][cH:10][cH:9]1)[CH3:5])=[O:3],[CH:1](=[C:2](/[c:4]1[cH:8][c:7]([N+:11](=[O:12])[O-:13])[cH:6][cH:10][cH:9]1)[CH3:5])\[OH:3],0,False,False,1,1
658,2.53,293,20,water,water,1.0,Oc1ccccn1,[O-]c1cccc[nH+]1,[cH:1]1[cH:2][cH:3][n:4][c:5]([OH:7])[cH:6]1,[cH:1]1[cH:2][cH:3][nH+:4][c:5]([O-:7])[cH:6]1,0,False,True,1,1
659,0.0,293,20,water,water,1.0,Oc1cccnc1,[O-]c1ccc[nH+]c1,[cH:1]1[cH:2][cH:3][n:4][cH:5][c:6]1[OH:7],[cH:1]1[cH:2][cH:3][nH+:4][cH:5][c:6]1[O-:7],0,False,True,1,1
660,3.34,293,20,water,water,1.0,Oc1ccncc1,[O-]c1cc[nH+]cc1,[c:1]1([OH:7])[cH:2][cH:3][n:4][cH:5][cH:6]1,[c:1]1([O-:7])[cH:2][cH:3][nH+:4][cH:5][cH:6]1,0,False,True,1,1
661,4.38,293,20,water,water,1.0,Oc1ccnc2ccccc12,[O-]c1cc[nH+]c2ccccc12,[cH:1]1[cH:2][cH:3][cH:4][c:5]2[c:6]1[n:7][cH:10][cH:9][c:8]2[OH:11],[cH:1]1[cH:2][cH:3][cH:4][c:5]2[c:6]1[nH+:7][cH:10][cH:9][c:8]2[O-:11],0,False,True,1,1
662,4.16,293,20,water,water,1.0,Oc1nccc2ccccc12,[O-]c1[nH+]ccc2ccccc12,[cH:1]1[cH:2][cH:3][cH:4][c:5]2[c:6]1[c:7]([OH:11])[n:10][cH:9][cH:8]2,[cH:1]1[cH:2][cH:3][cH:4][c:5]2[c:6]1[c:7]([O-:11])[nH+:10][cH:9][cH:8]2,0,False,True,1,1
663,4.69,293,20,water,water,1.0,Sc1ccccn1,[S-]c1cccc[nH+]1,[cH:1]1[cH:2][cH:3][n:4][c:5]([SH:7])[cH:6]1,[cH:1]1[cH:2][cH:3][nH+:4][c:5]([S-:7])[cH:6]1,0,False,True,1,1
664,2.18,293,20,water,water,1.0,Sc1cccnc1,[S-]c1ccc[nH+]c1,[cH:1]1[cH:2][cH:3][n:4][cH:5][c:6]1[SH:7],[cH:1]1[cH:2][cH:3][nH+:4][cH:5][c:6]1[S-:7],0,False,True,1,1
665,4.54,293,20,water,water,1.0,Sc1ccncc1,[S-]c1cc[nH+]cc1,[c:1]1([SH:7])[cH:2][cH:3][n:4][cH:5][cH:6]1,[c:1]1([S-:7])[cH:2][cH:3][nH+:4][cH:5][cH:6]1,0,False,True,1,1
666,5.15,293,20,water,water,1.0,Sc1ccc2ccccc2n1,[S-]c1ccc2ccccc2[nH+]1,[n:1]1[c:2]2[c:3]([cH:4][cH:5][c:6]1[SH:11])[cH:10][cH:9][cH:8][cH:7]2,[nH+:1]1[c:2]2[c:3]([cH:4][cH:5][c:6]1[S-:11])[cH:10][cH:9][cH:8][cH:7]2,0,False,True,1,1
667,5.04,293,20,water,water,1.0,Sc1ccnc2ccccc12,[S-]c1cc[nH+]c2ccccc12,[n:1]1[c:2]2[c:3]([c:4]([SH:11])[cH:5][cH:6]1)[cH:10][cH:9][cH:8][cH:7]2,[nH+:1]1[c:2]2[c:3]([c:4]([S-:11])[cH:5][cH:6]1)[cH:10][cH:9][cH:8][cH:7]2,0,False,True,1,1
668,1.18,293,20,water,water,1.0,Sc1cccc2ncccc12,[S-]c1cccc2[nH+]cccc12,[n:1]1[c:2]2[c:3]([cH:4][cH:5][cH:6]1)[c:10]([SH:11])[cH:9][cH:8][cH:7]2,[nH+:1]1[c:2]2[c:3]([cH:4][cH:5][cH:6]1)[c:10]([S-:11])[cH:9][cH:8][cH:7]2,0,False,True,1,1
675,-0.21,298,25,acetonitrile,acetonitrile,1.0,CC(=O)CCCCO,CC1(O)CCCCO1,[CH3:1][C:2](=[O:3])[CH2:4][CH2:5][CH2:6][CH2:7][OH:8],[CH3:1][C:2]1([OH:3])[CH2:4][CH2:5][CH2:6][CH2:7][O:8]1,0,False,False,1,1
676,-0.1,298,25,acetonitrile,acetonitrile,1.0,CC(=O)CCCO,CC1(O)CCCO1,[CH3:1][C:2](=[O:3])[CH2:4][CH2:5][CH2:6][OH:7],[CH3:1][C:2]1([OH:3])[CH2:4][CH2:5][CH2:6][O:7]1,0,False,False,1,1
707,-0.23,288,15,dmso,methanesulfinylmethane,1.0,CC(=O)CCCO,CC1(O)CCCO1,[CH3:1][C:2](=[O:3])[CH2:4][CH2:5][CH2:6][OH:7],[CH3:1][C:2]1([OH:3])[CH2:4][CH2:5][CH2:6][O:7]1,0,False,False,1,1
708,-0.25,298,25,dmso,methanesulfinylmethane,1.0,CC(=O)CCCO,CC1(O)CCCO1,[CH3:1][C:2](=[O:3])[CH2:4][CH2:5][CH2:6][OH:7],[CH3:1][C:2]1([OH:3])[CH2:4][CH2:5][CH2:6][O:7]1,0,False,False,1,1
709,-0.1,288,15,dmso,methanesulfinylmethane,1.0,CC(=O)CCCCO,CC1(O)CCCCO1,[CH3:1][C:2](=[O:3])[CH2:4][CH2:5][CH2:6][CH2:7][OH:8],[CH3:1][C:2]1([OH:3])[CH2:4][CH2:5][CH2:6][CH2:7][O:8]1,0,False,False,1,1
710,-0.155,298,25,dmso,methanesulfinylmethane,1.0,CC(=O)CCCCO,CC1(O)CCCCO1,[CH3:1][C:2](=[O:3])[CH2:4][CH2:5][CH2:6][CH2:7][OH:8],[CH3:1][C:2]1([OH:3])[CH2:4][CH2:5][CH2:6][CH2:7][O:8]1,0,False,False,1,1
711,-0.15,322,49,dmso,methanesulfinylmethane,1.0,CC(=O)CCCCO,CC1(O)CCCCO1,[CH3:1][C:2](=[O:3])[CH2:4][CH2:5][CH2:6][CH2:7][OH:8],[CH3:1][C:2]1([OH:3])[CH2:4][CH2:5][CH2:6][CH2:7][O:8]1,0,False,False,1,1
712,-0.08,310,37,dmso,methanesulfinylmethane,1.0,CC(=O)CCCCO,CC1(O)CCCCO1,[CH3:1][C:2](=[O:3])[CH2:4][CH2:5][CH2:6][CH2:7][OH:8],[CH3:1][C:2]1([OH:3])[CH2:4][CH2:5][CH2:6][CH2:7][O:8]1,0,False,False,1,1
713,-0.19,310,37,dmso,methanesulfinylmethane,1.0,CC(=O)CCCO,CC1(O)CCCO1,[CH3:1][C:2](=[O:3])[CH2:4][CH2:5][CH2:6][OH:7],[CH3:1][C:2]1([OH:3])[CH2:4][CH2:5][CH2:6][O:7]1,0,False,False,1,1
714,0.52,357,84,dmso,methanesulfinylmethane,1.0,CC(=O)C(C)(C)CC(N)=O,CC1(C)CC(=O)NC1(C)O,[CH3:1][C:2](=[O:3])[C:4]([CH3:5])([CH2:6][C:8](=[O:9])[NH2:10])[CH3:7],[CH3:1][C:2]1([OH:3])[C:4]([CH3:5])([CH3:7])[CH2:6][C:8](=[O:9])[NH:10]1,0,False,False,1,1
715,0.62,307,34,dmso,methanesulfinylmethane,1.0,CC(=O)C(C)(C)CC(=O)Nc1ccccc1,CC1(C)CC(=O)N(c2ccccc2)C1(C)O,[CH3:1][C:2](=[O:3])[C:4]([CH3:5])([CH2:6][C:8](=[O:9])[NH:10][c:11]1[cH:13][cH:12][cH:16][cH:15][cH:14]1)[CH3:7],[CH3:1][C:2]1([OH:3])[C:4]([CH3:5])([CH3:7])[CH2:6][C:8](=[O:9])[N:10]1[c:11]1[cH:13][cH:12][cH:16][cH:15][cH:14]1,0,False,False,1,1
716,0.62,307,34,dmso,methanesulfinylmethane,1.0,CC(=O)C(C)(C)CC(=O)Nc1ccccc1,CC1(C)CC(=O)N(c2ccccc2)C1(C)O,[CH3:1][C:2](=[O:3])[C:4]([CH3:5])([CH2:6][C:8](=[O:9])[NH:10][c:11]1[cH:13][cH:12][cH:16][cH:15][cH:14]1)[CH3:7],[CH3:1][C:2]1([OH:3])[C:4]([CH3:5])([CH3:7])[CH2:6][C:8](=[O:9])[N:10]1[c:11]1[cH:13][cH:12][cH:16][cH:15][cH:14]1,0,False,False,1,1
717,0.77,343,70,dmso,methanesulfinylmethane,1.0,O=CCCCCCCCO,OC1CCCCCCCO1,[CH2:1]([CH2:2][CH2:3][CH2:4][CH2:5][CH2:6][CH2:7][CH:8]=[O:9])[OH:10],[CH2:1]1[CH2:2][CH2:3][CH2:4][CH2:5][CH2:6][CH2:7][CH:8]([OH:9])[O:10]1,0,False,False,1,1
718,0.72,343,70,dmso,methanesulfinylmethane,1.0,O=CCCCCCCCCO,OC1CCCCCCCCO1,[CH2:1]([CH2:2][CH2:3][CH2:4][CH2:5][CH2:6][CH2:7][CH:8]=[O:9])[CH2:10][OH:11],[CH2:1]1[CH2:2][CH2:3][CH2:4][CH2:5][CH2:6][CH2:7][CH:8]([OH:9])[O:11][CH2:10]1,0,False,False,1,1
719,0.37,343,70,dmso,methanesulfinylmethane,1.0,O=CCCCCCCCCCO,OC1CCCCCCCCCO1,[CH2:1]([CH2:2][CH2:3][CH2:4][CH2:5][CH2:6][CH2:7][CH:8]=[O:9])[CH2:10][CH2:11][OH:12],[CH2:1]1[CH2:2][CH2:3][CH2:4][CH2:5][CH2:6][CH2:7][CH:8]([OH:9])[O:12][CH2:11][CH2:10]1,0,False,False,1,1
720,0.72,343,70,dmso,methanesulfinylmethane,1.0,O=CCCCCCCCCCCO,OC1CCCCCCCCCCO1,[CH2:1]([CH2:2][CH2:3][CH2:4][CH2:5][CH2:6][CH2:7][CH:8]=[O:9])[CH2:10][CH2:11][CH2:12][OH:13],[CH2:1]1[CH2:2][CH2:3][CH2:4][CH2:5][CH2:6][CH2:7][CH:8]([OH:9])[O:13][CH2:12][CH2:11][CH2:10]1,0,False,False,1,1
721,0.16,343,70,dmso,methanesulfinylmethane,1.0,O=CCCCCCCCCCCCO,OC1CCCCCCCCCCCO1,[CH2:1]([CH2:2][CH2:3][CH2:4][CH2:5][CH2:6][CH2:7][CH:8]=[O:9])[CH2:10][CH2:11][CH2:12][CH2:13][OH:14],[CH2:1]1[CH2:2][CH2:3][CH2:4][CH2:5][CH2:6][CH2:7][CH:8]([OH:9])[O:14][CH2:13][CH2:12][CH2:11][CH2:10]1,0,False,False,1,1
722,0.33,343,70,dmso,methanesulfinylmethane,1.0,O=CCCCCCCCCCCCCO,OC1CCCCCCCCCCCCO1,[CH2:1]([CH2:2][CH2:3][CH2:4][CH2:5][CH2:6][CH2:7][CH:8]=[O:9])[CH2:10][CH2:11][CH2:12][CH2:13][CH2:14][OH:15],[CH2:1]1[CH2:2][CH2:3][CH2:4][CH2:5][CH2:6][CH2:7][CH:8]([OH:9])[O:15][CH2:14][CH2:13][CH2:12][CH2:11][CH2:10]1,0,False,False,1,1
723,0.48,343,70,dmso,methanesulfinylmethane,1.0,O=CCCCCCCCCCCCCCCO,OC1CCCCCCCCCCCCCCO1,[CH2:1]([CH2:2][CH2:3][CH2:4][CH2:5][CH2:6][CH2:7][CH:8]=[O:9])[CH2:10][CH2:11][CH2:12][CH2:13][CH2:14][CH2:15][CH2:16][OH:17],[CH2:1]1[CH2:2][CH2:3][CH2:4][CH2:5][CH2:6][CH2:7][CH:8]([OH:9])[O:17][CH2:16][CH2:15][CH2:14][CH2:13][CH2:12][CH2:11][CH2:10]1,0,False,False,1,1
724,0.27,343,70,dmso,methanesulfinylmethane,1.0,O=CCCCCCCCCCCCCCCCCO,OC1CCCCCCCCCCCCCCCCO1,[CH2:1]([CH2:2][CH2:3][CH2:4][CH2:5][CH2:6][CH2:7][CH:8]=[O:9])[CH2:10][CH2:11][CH2:12][CH2:13][CH2:14][CH2:15][CH2:16][CH2:17][CH2:18][OH:19],[CH2:1]1[CH2:2][CH2:3][CH2:4][CH2:5][CH2:6][CH2:7][CH:8]([OH:9])[O:19][CH2:18][CH2:17][CH2:16][CH2:15][CH2:14][CH2:13][CH2:12][CH2:11][CH2:10]1,0,False,False,1,1
