reaction_index,reactant_smiles,product_smiles,solvent,solvent_original,temperature,tabulated_constant,predicted_log10Kz,abs_error,delta_g_kcal_mol,reactant_energy_kcal_mol,product_energy_kcal_mol,reactant_tautomer_present,product_tautomer_present,reactant_match_mode,product_match_mode,matched_reactant_smiles,matched_product_smiles,n_peace_protomers,site_search_mode,reactant_is_zwitterion,product_is_zwitterion,run_ok,run_returncode,job_messages,result_dir
0,O=C(Cc1cnccn1)c1cccnc1,O/C(=C\c1cnccn1)c1cccnc1,water,water,298.0,-0.02,0.542482575335702,0.562482575335702,-0.7397078968351707,-416639.77480346727,-416640.5145113641,True,True,isomeric,isomeric,O=C(Cc1cnccn1)c1cccnc1,OC(=Cc1cnccn1)c1cccnc1,2,none,False,False,True,0,,/home/jzheng/PEACE_all/PEACE_experiments/gimadiev_tautomers/results/tautomer_benchmark/0000_0_o-c-cc1cnccn1-c1cccnc1_water_298
1,O=C(Cc1cnccn1)c1ccncc1,O/C(=C/c1cnccn1)c1ccncc1,water,water,298.0,-0.52,0.6922208248981787,1.2122208248981787,-0.9438850827864371,-416639.6129553576,-416640.5568404404,True,True,isomeric,isomeric,O=C(Cc1cnccn1)c1ccncc1,OC(=Cc1cnccn1)c1ccncc1,2,none,False,False,True,0,,/home/jzheng/PEACE_all/PEACE_experiments/gimadiev_tautomers/results/tautomer_benchmark/0001_1_o-c-cc1cnccn1-c1ccncc1_water_298
2,O=C1CCCC1,OC1=CCCC1,water,water,298.0,-4.9,-8.36761149685998,3.4676114968599805,11.409745830169413,-169728.11413654024,-169716.70439071007,True,True,isomeric,isomeric,O=C1CCCC1,OC1=CCCC1,2,none,False,False,True,0,,/home/jzheng/PEACE_all/PEACE_experiments/gimadiev_tautomers/results/tautomer_benchmark/0002_2_o-c1cccc1_water_298
3,O=C1CCCCC1,OC1=CCCCC1,water,water,298.0,-5.4,-7.4471262308584985,2.047126230858498,10.154608336102683,-194379.5753390036,-194369.4207306675,True,True,isomeric,isomeric,O=C1CCCCC1,OC1=CCCCC1,2,none,False,False,True,0,,/home/jzheng/PEACE_all/PEACE_experiments/gimadiev_tautomers/results/tautomer_benchmark/0003_3_o-c1ccccc1_water_298
4,CC(=O)CC(C)=O,CC(=O)/C=C(\C)O,methanol,methanol,298.0,0.46,0.5943299542739854,0.13432995427398536,-0.810404942923924,-216951.4968300641,-216952.30723500703,True,True,isomeric,isomeric,CC(=O)CC(C)=O,CC(=O)C=C(C)O,2,none,False,False,True,0,,/home/jzheng/PEACE_all/PEACE_experiments/gimadiev_tautomers/results/tautomer_benchmark/0004_4_cc-o-cc-c-o_methanol_298
5,CC(=O)CC(C)=O,CC(=O)/C=C(\C)O,methanol,methanol,303.0,0.53,0.5686967853950434,0.0386967853950434,-0.7884635113587137,-216951.9397665204,-216952.72823003176,True,True,isomeric,isomeric,CC(=O)CC(C)=O,CC(=O)C=C(C)O,2,none,False,False,True,0,,/home/jzheng/PEACE_all/PEACE_experiments/gimadiev_tautomers/results/tautomer_benchmark/0005_5_cc-o-cc-c-o_methanol_303
6,CCOC(=O)CC(C)=O,CCOC(=O)/C=C(\C)O,methanol,methanol,293.0,-1.16,1.2367010304144468,2.3967010304144467,-1.6580229623359628,-288818.5983526329,-288820.2563755952,True,True,isomeric,isomeric,CCOC(=O)CC(C)=O,CCOC(=O)C=C(C)O,2,none,False,False,True,0,,/home/jzheng/PEACE_all/PEACE_experiments/gimadiev_tautomers/results/tautomer_benchmark/0006_6_ccoc-o-cc-c-o_methanol_293
7,CCOC(=O)CC(C)=O,CCOC(=O)/C=C(\C)O,methanol,methanol,303.0,-1.18,1.1762634146105564,2.3562634146105563,-1.6308176975580864,-288819.5934653079,-288821.22428300546,True,True,isomeric,isomeric,CCOC(=O)CC(C)=O,CCOC(=O)C=C(C)O,2,none,False,False,True,0,,/home/jzheng/PEACE_all/PEACE_experiments/gimadiev_tautomers/results/tautomer_benchmark/0007_7_ccoc-o-cc-c-o_methanol_303
8,CCOC(=O)CC(C)=O,CCOC(=O)/C=C(\C)O,methanol,methanol,313.0,-1.2,1.1199230524536512,2.3199230524536514,-1.6039496078155935,-288820.6002251404,-288822.2041747482,True,True,isomeric,isomeric,CCOC(=O)CC(C)=O,CCOC(=O)C=C(C)O,2,none,False,False,True,0,,/home/jzheng/PEACE_all/PEACE_experiments/gimadiev_tautomers/results/tautomer_benchmark/0008_8_ccoc-o-cc-c-o_methanol_313
9,CC(=O)CC(=O)Nc1ccccc1,C/C(O)=C\C(=O)Nc1ccccc1,methanol,methanol,293.0,-0.95,-0.07379777430143618,0.8762022256985638,0.09893935668515041,-371987.5516223479,-371987.4526829912,True,True,isomeric,isomeric,CC(=O)CC(=O)Nc1ccccc1,CC(O)=CC(=O)Nc1ccccc1,2,none,False,False,True,0,,/home/jzheng/PEACE_all/PEACE_experiments/gimadiev_tautomers/results/tautomer_benchmark/0009_9_cc-o-cc-o-nc1ccccc1_methanol_293
10,CC(=O)CC(=O)Nc1ccccc1C,C/C(O)=C\C(=O)Nc1ccccc1C,methanol,methanol,303.0,0.18,-0.395960472181786,0.5759604721817859,0.5489751169225201,-396639.81898148655,-396639.2700063696,True,True,isomeric,isomeric,CC(=O)CC(=O)Nc1ccccc1C,CC(O)=CC(=O)Nc1ccccc1C,2,none,False,False,True,0,,/home/jzheng/PEACE_all/PEACE_experiments/gimadiev_tautomers/results/tautomer_benchmark/0010_10_cc-o-cc-o-nc1ccccc1c_methanol_303
11,CC(=O)CC(=O)Nc1ccccc1Cl,C/C(O)=C\C(=O)Nc1ccccc1Cl,methanol,methanol,303.0,0.33,0.7044286586297918,0.37442865862979174,-0.97664749994874,-660400.2217462972,-660401.1983937972,True,True,isomeric,isomeric,CC(=O)CC(=O)Nc1ccccc1Cl,CC(O)=CC(=O)Nc1ccccc1Cl,2,none,False,False,True,0,,/home/jzheng/PEACE_all/PEACE_experiments/gimadiev_tautomers/results/tautomer_benchmark/0011_11_cc-o-cc-o-nc1ccccc1cl_methanol_303
12,COc1ccccc1NC(=O)CC(C)=O,COc1ccccc1NC(=O)/C=C(\C)O,methanol,methanol,303.0,0.37,-0.17862012033012362,0.5486201203301236,0.24764593521831557,-443841.6398401252,-443841.39219419,True,True,isomeric,isomeric,COc1ccccc1NC(=O)CC(C)=O,COc1ccccc1NC(=O)C=C(C)O,2,none,False,False,True,0,,/home/jzheng/PEACE_all/PEACE_experiments/gimadiev_tautomers/results/tautomer_benchmark/0012_12_coc1ccccc1nc-o-cc-c-o_methanol_303
13,CC(=O)CC(=O)Nc1ccc(C)cc1C,C/C(O)=C\C(=O)Nc1ccc(C)cc1C,methanol,methanol,303.0,0.18,-0.5664499628527372,0.7464499628527372,0.7853484285296872,-421291.69215524994,-421290.9068068214,True,True,isomeric,isomeric,CC(=O)CC(=O)Nc1ccc(C)cc1C,CC(O)=CC(=O)Nc1ccc(C)cc1C,2,none,False,False,True,0,,/home/jzheng/PEACE_all/PEACE_experiments/gimadiev_tautomers/results/tautomer_benchmark/0013_13_cc-o-cc-o-nc1ccc-c-cc1c_methanol_303
14,O=C(CC(=O)c1ccccc1)Nc1ccccc1,O=C(/C=C(/O)c1ccccc1)Nc1ccccc1,methanol,methanol,298.0,-0.59,-1.7079779432205648,1.117977943220565,2.328931526397355,-492281.8776706371,-492279.5487391107,True,True,isomeric,isomeric,O=C(CC(=O)c1ccccc1)Nc1ccccc1,O=C(C=C(O)c1ccccc1)Nc1ccccc1,2,none,False,False,True,0,,/home/jzheng/PEACE_all/PEACE_experiments/gimadiev_tautomers/results/tautomer_benchmark/0014_14_o-c-cc-o-c1ccccc1-nc1ccccc1_methanol_298
15,Cc1cccc(NC(=O)CC(=O)c2ccccc2)c1,Cc1cccc(NC(=O)/C=C(/O)c2ccccc2)c1,methanol,methanol,298.0,-0.61,-0.883627755830155,0.273627755830155,1.2048800432821736,-516932.5879732197,-516931.3830931764,True,True,isomeric,isomeric,Cc1cccc(NC(=O)CC(=O)c2ccccc2)c1,Cc1cccc(NC(=O)C=C(O)c2ccccc2)c1,2,none,False,False,True,0,,/home/jzheng/PEACE_all/PEACE_experiments/gimadiev_tautomers/results/tautomer_benchmark/0015_15_cc1cccc-nc-o-cc-o-c2ccccc2-c1_methanol_298
16,Cc1ccc(NC(=O)CC(=O)c2ccccc2)cc1,Cc1ccc(NC(=O)/C=C(/O)c2ccccc2)cc1,methanol,methanol,298.0,-0.72,-1.1490434079750609,0.4290434079750609,1.5667903842986561,-516932.9989335572,-516931.4321431729,True,True,isomeric,isomeric,Cc1ccc(NC(=O)CC(=O)c2ccccc2)cc1,Cc1ccc(NC(=O)C=C(O)c2ccccc2)cc1,2,none,False,False,True,0,,/home/jzheng/PEACE_all/PEACE_experiments/gimadiev_tautomers/results/tautomer_benchmark/0016_16_cc1ccc-nc-o-cc-o-c2ccccc2-cc1_methanol_298
17,O=C(CC(=O)c1ccccc1)Nc1cccc(Cl)c1,O=C(/C=C(/O)c1ccccc1)Nc1cccc(Cl)c1,methanol,methanol,298.0,-0.39,-0.5834958471088839,0.1934958471088839,0.7956319806398824,-780695.3026846166,-780694.507052636,True,True,isomeric,isomeric,O=C(CC(=O)c1ccccc1)Nc1cccc(Cl)c1,O=C(C=C(O)c1ccccc1)Nc1cccc(Cl)c1,2,none,False,False,True,0,,/home/jzheng/PEACE_all/PEACE_experiments/gimadiev_tautomers/results/tautomer_benchmark/0017_17_o-c-cc-o-c1ccccc1-nc1cccc-cl-c_methanol_298
18,O=C(CC(=O)c1ccccc1)Nc1ccc(Cl)cc1,O=C(/C=C(/O)c1ccccc1)Nc1ccc(Cl)cc1,methanol,methanol,298.0,-0.51,-1.0284714762931635,0.5184714762931635,1.4023832419188693,-780694.374358521,-780692.971975279,True,True,isomeric,isomeric,O=C(CC(=O)c1ccccc1)Nc1ccc(Cl)cc1,O=C(C=C(O)c1ccccc1)Nc1ccc(Cl)cc1,2,none,False,False,True,0,,/home/jzheng/PEACE_all/PEACE_experiments/gimadiev_tautomers/results/tautomer_benchmark/0018_18_o-c-cc-o-c1ccccc1-nc1ccc-cl-cc_methanol_298
19,O=C(CC(=O)c1ccccc1)Nc1cccc(Br)c1,O=C(/C=C(/O)c1ccccc1)Nc1cccc(Br)c1,methanol,methanol,298.0,-0.37,-1.3004166046591323,0.9304166046591323,1.7731969198212028,-2107138.9857082604,-2107137.2125113406,True,True,isomeric,isomeric,O=C(CC(=O)c1ccccc1)Nc1cccc(Br)c1,O=C(C=C(O)c1ccccc1)Nc1cccc(Br)c1,2,none,False,False,True,0,,/home/jzheng/PEACE_all/PEACE_experiments/gimadiev_tautomers/results/tautomer_benchmark/0019_19_o-c-cc-o-c1ccccc1-nc1cccc-br-c_methanol_298
20,O=C(CC(=O)c1ccccc1)Nc1ccc(Br)cc1,O=C(/C=C(/O)c1ccccc1)Nc1ccc(Br)cc1,methanol,methanol,298.0,-0.55,-0.9286774551055912,0.37867745510559114,1.2663080408237875,-2107138.3134635654,-2107137.0471555246,True,True,isomeric,isomeric,O=C(CC(=O)c1ccccc1)Nc1ccc(Br)cc1,O=C(C=C(O)c1ccccc1)Nc1ccc(Br)cc1,2,none,False,False,True,0,,/home/jzheng/PEACE_all/PEACE_experiments/gimadiev_tautomers/results/tautomer_benchmark/0020_20_o-c-cc-o-c1ccccc1-nc1ccc-br-cc_methanol_298
21,COc1ccc(NC(=O)CC(=O)c2ccccc2)cc1,COc1ccc(NC(=O)/C=C(/O)c2ccccc2)cc1,methanol,methanol,298.0,-0.9,-1.9351322460156402,1.0351322460156402,2.6386701967567205,-564133.7032872767,-564131.0646170799,True,True,isomeric,isomeric,COc1ccc(NC(=O)CC(=O)c2ccccc2)cc1,COc1ccc(NC(=O)C=C(O)c2ccccc2)cc1,2,none,False,False,True,0,,/home/jzheng/PEACE_all/PEACE_experiments/gimadiev_tautomers/results/tautomer_benchmark/0021_21_coc1ccc-nc-o-cc-o-c2ccccc2-cc1_methanol_298
22,O=C(CC(=O)c1ccccc1)Nc1cccc([N+](=O)[O-])c1,O=C(/C=C(/O)c1ccccc1)Nc1cccc([N+](=O)[O-])c1,methanol,methanol,298.0,-0.34,-0.7437930869042753,0.40379308690427523,1.0142069902503863,-620646.0608885908,-620645.0466816005,True,True,isomeric,isomeric,O=C(CC(=O)c1ccccc1)Nc1cccc([N+](=O)[O-])c1,O=C(C=C(O)c1ccccc1)Nc1cccc([N+](=O)[O-])c1,2,none,False,False,True,0,,/home/jzheng/PEACE_all/PEACE_experiments/gimadiev_tautomers/results/tautomer_benchmark/0022_22_o-c-cc-o-c1ccccc1-nc1cccc-n-o-_methanol_298
23,O=C(CC(=O)c1ccccc1)Nc1cccc([N+](=O)[O-])c1,O=C(/C=C(/O)c1ccccc1)Nc1cccc([N+](=O)[O-])c1,methanol,methanol,303.0,0.33,-0.7453147462325979,1.0753147462325978,1.0333335741888732,-620646.7324428918,-620645.6991093176,True,True,isomeric,isomeric,O=C(CC(=O)c1ccccc1)Nc1cccc([N+](=O)[O-])c1,O=C(C=C(O)c1ccccc1)Nc1cccc([N+](=O)[O-])c1,2,none,False,False,True,0,,/home/jzheng/PEACE_all/PEACE_experiments/gimadiev_tautomers/results/tautomer_benchmark/0023_23_o-c-cc-o-c1ccccc1-nc1cccc-n-o-_methanol_303
24,O=C(CC(=O)c1ccccc1)Nc1ccc([N+](=O)[O-])cc1,O=C(/C=C(/O)c1ccccc1)Nc1ccc([N+](=O)[O-])cc1,methanol,methanol,298.0,-0.29,-0.6227851689277106,0.33278516892771065,0.8492053541122004,-620647.2817195316,-620646.4325141775,True,True,isomeric,isomeric,O=C(CC(=O)c1ccccc1)Nc1ccc([N+](=O)[O-])cc1,O=C(C=C(O)c1ccccc1)Nc1ccc([N+](=O)[O-])cc1,2,none,False,False,True,0,,/home/jzheng/PEACE_all/PEACE_experiments/gimadiev_tautomers/results/tautomer_benchmark/0024_24_o-c-cc-o-c1ccccc1-nc1ccc-n-o-o_methanol_298
25,Cc1cccc(C(=O)CC(=O)Nc2ccccc2)c1,Cc1cccc(/C(O)=C\C(=O)Nc2ccccc2)c1,methanol,methanol,298.0,-0.68,-0.530043757655232,0.149956242344768,0.7227468144265004,-516933.0702959328,-516932.3475491184,True,True,isomeric,isomeric,Cc1cccc(C(=O)CC(=O)Nc2ccccc2)c1,Cc1cccc(C(O)=CC(=O)Nc2ccccc2)c1,2,none,False,False,True,0,,/home/jzheng/PEACE_all/PEACE_experiments/gimadiev_tautomers/results/tautomer_benchmark/0025_25_cc1cccc-c-o-cc-o-nc2ccccc2-c1_methanol_298
26,Cc1ccc(C(=O)CC(=O)Nc2ccccc2)cc1,Cc1ccc(/C(O)=C\C(=O)Nc2ccccc2)cc1,methanol,methanol,298.0,-0.88,-2.9448125290447584,2.0648125290447585,4.0154305068426766,-516935.7566761412,-516931.74124563433,True,True,isomeric,isomeric,Cc1ccc(C(=O)CC(=O)Nc2ccccc2)cc1,Cc1ccc(C(O)=CC(=O)Nc2ccccc2)cc1,2,none,False,False,True,0,,/home/jzheng/PEACE_all/PEACE_experiments/gimadiev_tautomers/results/tautomer_benchmark/0026_26_cc1ccc-c-o-cc-o-nc2ccccc2-cc1_methanol_298
27,O=C(CC(=O)c1cccc(Cl)c1)Nc1ccccc1,O=C(/C=C(/O)c1cccc(Cl)c1)Nc1ccccc1,methanol,methanol,298.0,-0.3,-0.3582406670734271,0.05824066707342712,0.4884828793583438,-780694.123272027,-780693.6347891476,True,True,isomeric,isomeric,O=C(CC(=O)c1cccc(Cl)c1)Nc1ccccc1,O=C(C=C(O)c1cccc(Cl)c1)Nc1ccccc1,2,none,False,False,True,0,,/home/jzheng/PEACE_all/PEACE_experiments/gimadiev_tautomers/results/tautomer_benchmark/0027_27_o-c-cc-o-c1cccc-cl-c1-nc1ccccc_methanol_298
28,O=C(CC(=O)c1ccc(Cl)cc1)Nc1ccccc1,O=C(/C=C(/O)c1ccc(Cl)cc1)Nc1ccccc1,methanol,methanol,298.0,-0.45,-1.3288908586464012,0.8788908586464013,1.8120232922956347,-780694.8398257159,-780693.0278024236,True,True,isomeric,isomeric,O=C(CC(=O)c1ccc(Cl)cc1)Nc1ccccc1,O=C(C=C(O)c1ccc(Cl)cc1)Nc1ccccc1,2,none,False,False,True,0,,/home/jzheng/PEACE_all/PEACE_experiments/gimadiev_tautomers/results/tautomer_benchmark/0028_28_o-c-cc-o-c1ccc-cl-cc1-nc1ccccc_methanol_298
29,O=C(CC(=O)c1cccc(Br)c1)Nc1ccccc1,O=C(/C=C(/O)c1cccc(Br)c1)Nc1ccccc1,methanol,methanol,298.0,-0.27,-0.6264049280293067,0.3564049280293067,0.8541411152109504,-2107137.599791687,-2107136.745650572,True,True,isomeric,isomeric,O=C(CC(=O)c1cccc(Br)c1)Nc1ccccc1,O=C(C=C(O)c1cccc(Br)c1)Nc1ccccc1,2,none,False,False,True,0,,/home/jzheng/PEACE_all/PEACE_experiments/gimadiev_tautomers/results/tautomer_benchmark/0029_29_o-c-cc-o-c1cccc-br-c1-nc1ccccc_methanol_298
30,O=C(CC(=O)c1ccc(Br)cc1)Nc1ccccc1,O=C(/C=C(/O)c1ccc(Br)cc1)Nc1ccccc1,methanol,methanol,298.0,-0.49,-0.5364843175293983,0.0464843175293983,0.7315289084799588,-2107137.197997463,-2107136.4664685545,True,True,isomeric,isomeric,O=C(CC(=O)c1ccc(Br)cc1)Nc1ccccc1,O=C(C=C(O)c1ccc(Br)cc1)Nc1ccccc1,2,none,False,False,True,0,,/home/jzheng/PEACE_all/PEACE_experiments/gimadiev_tautomers/results/tautomer_benchmark/0030_30_o-c-cc-o-c1ccc-br-cc1-nc1ccccc_methanol_298
31,COc1cccc(C(=O)CC(=O)Nc2ccccc2)c1,COc1cccc(/C(O)=C\C(=O)Nc2ccccc2)c1,methanol,methanol,298.0,-0.65,-0.7109143764759632,0.060914376475963206,0.9693748742574826,-564134.4105164323,-564133.441141558,True,True,isomeric,isomeric,COc1cccc(C(=O)CC(=O)Nc2ccccc2)c1,COc1cccc(C(O)=CC(=O)Nc2ccccc2)c1,2,none,False,False,True,0,,/home/jzheng/PEACE_all/PEACE_experiments/gimadiev_tautomers/results/tautomer_benchmark/0031_31_coc1cccc-c-o-cc-o-nc2ccccc2-c1_methanol_298
32,COc1ccc(C(=O)CC(=O)Nc2ccccc2)cc1,COc1ccc(/C(O)=C\C(=O)Nc2ccccc2)cc1,methanol,methanol,298.0,-1.28,-1.8098267737602736,0.5298267737602735,2.4678085846826434,-564135.9828632879,-564133.5150547032,True,True,isomeric,isomeric,COc1ccc(C(=O)CC(=O)Nc2ccccc2)cc1,COc1ccc(C(O)=CC(=O)Nc2ccccc2)cc1,2,none,False,False,True,0,,/home/jzheng/PEACE_all/PEACE_experiments/gimadiev_tautomers/results/tautomer_benchmark/0032_32_coc1ccc-c-o-cc-o-nc2ccccc2-cc1_methanol_298
33,N#Cc1ccc(C(=O)CC(=O)Nc2ccccc2)cc1,N#Cc1ccc(/C(O)=C\C(=O)Nc2ccccc2)cc1,methanol,methanol,298.0,-0.06,-0.5405337110811167,0.4805337110811167,0.7370505022117868,-550182.2650886346,-550181.5280381324,True,True,isomeric,isomeric,N#Cc1ccc(C(=O)CC(=O)Nc2ccccc2)cc1,N#Cc1ccc(C(O)=CC(=O)Nc2ccccc2)cc1,2,none,False,False,True,0,,/home/jzheng/PEACE_all/PEACE_experiments/gimadiev_tautomers/results/tautomer_benchmark/0033_33_n-cc1ccc-c-o-cc-o-nc2ccccc2-cc_methanol_298
34,O=Nc1cccc(C(=O)CC(=O)Nc2ccccc2)c1,O=Nc1cccc(/C(O)=C\C(=O)Nc2ccccc2)c1,methanol,methanol,298.0,0.0,1.0691974137679714,1.0691974137679714,-1.457915527978912,-573437.5669857648,-573439.0249012928,True,True,isomeric,isomeric,O=Nc1cccc(C(=O)CC(=O)Nc2ccccc2)c1,O=Nc1cccc(C(O)=CC(=O)Nc2ccccc2)c1,2,none,False,False,True,0,,/home/jzheng/PEACE_all/PEACE_experiments/gimadiev_tautomers/results/tautomer_benchmark/0034_34_o-nc1cccc-c-o-cc-o-nc2ccccc2-c_methanol_298
35,O=C(CC(=O)c1ccc([N+](=O)[O-])cc1)Nc1ccccc1,O=C(/C=C(/O)c1ccc([N+](=O)[O-])cc1)Nc1ccccc1,methanol,methanol,298.0,0.07,0.23359914585388988,0.16359914585388988,-0.31852660479489714,-620643.0469395504,-620643.3654661552,True,True,isomeric,isomeric,O=C(CC(=O)c1ccc([N+](=O)[O-])cc1)Nc1ccccc1,O=C(C=C(O)c1ccc([N+](=O)[O-])cc1)Nc1ccccc1,2,none,False,False,True,0,,/home/jzheng/PEACE_all/PEACE_experiments/gimadiev_tautomers/results/tautomer_benchmark/0035_35_o-c-cc-o-c1ccc-n-o-o-cc1-nc1cc_methanol_298
36,Cc1ccc(NC(=O)CC(=O)c2ccc(Cl)cc2)cc1,Cc1ccc(NC(=O)/C=C(/O)c2ccc(Cl)cc2)cc1,methanol,methanol,298.0,-0.57,-0.6178238878957681,0.04782388789576819,0.8424403464887291,-805345.4698557254,-805344.6274153789,True,True,isomeric,isomeric,Cc1ccc(NC(=O)CC(=O)c2ccc(Cl)cc2)cc1,Cc1ccc(NC(=O)C=C(O)c2ccc(Cl)cc2)cc1,2,none,False,False,True,0,,/home/jzheng/PEACE_all/PEACE_experiments/gimadiev_tautomers/results/tautomer_benchmark/0036_36_cc1ccc-nc-o-cc-o-c2ccc-cl-cc2-_methanol_298
37,O=C(CC(=O)c1ccc(Cl)cc1)Nc1cccc([N+](=O)[O-])c1,O=C(/C=C(/O)c1ccc(Cl)cc1)Nc1cccc([N+](=O)[O-])c1,methanol,methanol,298.0,-0.26,-0.7938386166493363,0.5338386166493363,1.0824471056694165,-909058.9409539789,-909057.8585068733,True,True,isomeric,isomeric,O=C(CC(=O)c1ccc(Cl)cc1)Nc1cccc([N+](=O)[O-])c1,O=C(C=C(O)c1ccc(Cl)cc1)Nc1cccc([N+](=O)[O-])c1,2,none,False,False,True,0,,/home/jzheng/PEACE_all/PEACE_experiments/gimadiev_tautomers/results/tautomer_benchmark/0037_37_o-c-cc-o-c1ccc-cl-cc1-nc1cccc-_methanol_298
38,COc1ccc(C(=O)CC(=O)Nc2ccc(C)cc2)cc1,COc1ccc(/C(O)=C\C(=O)Nc2ccc(C)cc2)cc1,methanol,methanol,298.0,-1.3,-1.0990863691057204,0.2009136308942796,1.498670931556262,-588786.0903673812,-588784.5916964497,True,True,isomeric,isomeric,COc1ccc(C(=O)CC(=O)Nc2ccc(C)cc2)cc1,COc1ccc(C(O)=CC(=O)Nc2ccc(C)cc2)cc1,2,none,False,False,True,0,,/home/jzheng/PEACE_all/PEACE_experiments/gimadiev_tautomers/results/tautomer_benchmark/0038_38_coc1ccc-c-o-cc-o-nc2ccc-c-cc2-_methanol_298
39,COc1ccc(C(=O)CC(=O)Nc2ccc(Br)cc2)cc1,COc1ccc(/C(O)=C\C(=O)Nc2ccc(Br)cc2)cc1,methanol,methanol,298.0,-1.09,-0.28708358738104356,0.8029164126189565,0.39145588502287865,-2178991.803208702,-2178991.4117528168,True,True,isomeric,isomeric,COc1ccc(C(=O)CC(=O)Nc2ccc(Br)cc2)cc1,COc1ccc(C(O)=CC(=O)Nc2ccc(Br)cc2)cc1,2,none,False,False,True,0,,/home/jzheng/PEACE_all/PEACE_experiments/gimadiev_tautomers/results/tautomer_benchmark/0039_39_coc1ccc-c-o-cc-o-nc2ccc-br-cc2_methanol_298
40,COc1ccc(C(=O)CC(=O)Nc2cccc([N+](=O)[O-])c2)cc1,COc1ccc(/C(O)=C\C(=O)Nc2cccc([N+](=O)[O-])c2)cc1,methanol,methanol,298.0,-0.97,-0.26841415242474703,0.701585847575253,0.3659989780280739,-692499.6954002362,-692499.3294012581,True,True,isomeric,isomeric,COc1ccc(C(=O)CC(=O)Nc2cccc([N+](=O)[O-])c2)cc1,COc1ccc(C(O)=CC(=O)Nc2cccc([N+](=O)[O-])c2)cc1,2,none,False,False,True,0,,/home/jzheng/PEACE_all/PEACE_experiments/gimadiev_tautomers/results/tautomer_benchmark/0040_40_coc1ccc-c-o-cc-o-nc2cccc-n-o-o_methanol_298
41,Cc1ccc(NC(=O)CC(=O)c2ccc([N+](=O)[O-])cc2)cc1,Cc1ccc(NC(=O)/C=C(/O)c2ccc([N+](=O)[O-])cc2)cc1,methanol,methanol,298.0,-0.02,0.8920941786306356,0.9120941786306356,-1.2164245243184268,-645293.9134868113,-645295.1299113357,True,True,isomeric,isomeric,Cc1ccc(NC(=O)CC(=O)c2ccc([N+](=O)[O-])cc2)cc1,Cc1ccc(NC(=O)C=C(O)c2ccc([N+](=O)[O-])cc2)cc1,2,none,False,False,True,0,,/home/jzheng/PEACE_all/PEACE_experiments/gimadiev_tautomers/results/tautomer_benchmark/0041_41_cc1ccc-nc-o-cc-o-c2ccc-n-o-o-c_methanol_298
42,O=C(CC(=O)c1ccc([N+](=O)[O-])cc1)Nc1ccc(Br)cc1,O=C(/C=C(/O)c1ccc([N+](=O)[O-])cc1)Nc1ccc(Br)cc1,methanol,methanol,298.0,0.2,1.060197369859329,0.860197369859329,-1.4456434221938252,-2235499.7890405343,-2235501.2346839565,True,True,isomeric,isomeric,O=C(CC(=O)c1ccc([N+](=O)[O-])cc1)Nc1ccc(Br)cc1,O=C(C=C(O)c1ccc([N+](=O)[O-])cc1)Nc1ccc(Br)cc1,2,none,False,False,True,0,,/home/jzheng/PEACE_all/PEACE_experiments/gimadiev_tautomers/results/tautomer_benchmark/0042_42_o-c-cc-o-c1ccc-n-o-o-cc1-nc1cc_methanol_298
43,CC(=O)C(C)C(=O)Nc1ccccc1,C/C(O)=C(/C)C(=O)Nc1ccccc1,methanol,methanol,293.0,-1.35,-1.6961130014391177,0.3461130014391176,2.273948378744535,-396636.51263314177,-396634.238684763,True,True,isomeric,isomeric,CC(=O)C(C)C(=O)Nc1ccccc1,CC(O)=C(C)C(=O)Nc1ccccc1,2,none,False,False,True,0,,/home/jzheng/PEACE_all/PEACE_experiments/gimadiev_tautomers/results/tautomer_benchmark/0043_43_cc-o-c-c-c-o-nc1ccccc1_methanol_293
44,CC(=O)C(Cl)C(=O)Nc1ccccc1,C/C(O)=C(/Cl)C(=O)Nc1ccccc1,methanol,methanol,293.0,-1.03,-3.5776017951022867,2.5476017951022865,4.79642676806543,-660394.9664841093,-660390.1700573412,True,True,isomeric,isomeric,CC(=O)C(Cl)C(=O)Nc1ccccc1,CC(O)=C(Cl)C(=O)Nc1ccccc1,2,none,False,False,True,0,,/home/jzheng/PEACE_all/PEACE_experiments/gimadiev_tautomers/results/tautomer_benchmark/0044_44_cc-o-c-cl-c-o-nc1ccccc1_methanol_293
45,CC(=O)C(Br)C(=O)Nc1ccccc1,C/C(O)=C(/Br)C(=O)Nc1ccccc1,methanol,methanol,293.0,-0.28,-0.49781910926704526,0.21781910926704523,0.6674171800259501,-1986839.8583442047,-1986839.1909270247,True,True,isomeric,isomeric,CC(=O)C(Br)C(=O)Nc1ccccc1,CC(O)=C(Br)C(=O)Nc1ccccc1,2,none,False,False,True,0,,/home/jzheng/PEACE_all/PEACE_experiments/gimadiev_tautomers/results/tautomer_benchmark/0045_45_cc-o-c-br-c-o-nc1ccccc1_methanol_293
46,CC(=O)C(C(C)=O)C(=O)Nc1ccccc1,CC(=O)/C(C(=O)Nc1ccccc1)=C(/C)O,methanol,methanol,293.0,-0.08,1.2662814306192018,1.346281430619202,-1.6976808760664426,-467761.7504783719,-467763.448159248,True,True,isomeric,isomeric,CC(=O)C(C(C)=O)C(=O)Nc1ccccc1,CC(=O)C(C(=O)Nc1ccccc1)=C(C)O,2,none,False,False,True,0,,/home/jzheng/PEACE_all/PEACE_experiments/gimadiev_tautomers/results/tautomer_benchmark/0046_46_cc-o-c-c-c-o-c-o-nc1ccccc1_methanol_293
47,CC(=O)C(C#N)C(=O)Nc1ccccc1,C/C(O)=C(/C#N)C(=O)Nc1ccccc1,methanol,methanol,293.0,0.69,5.538169963979829,4.84816996397983,-7.424925461993553,-429883.15061565937,-429890.57554112136,True,True,isomeric,isomeric,CC(=O)C(C#N)C(=O)Nc1ccccc1,CC(O)=C(C#N)C(=O)Nc1ccccc1,2,none,False,False,True,0,,/home/jzheng/PEACE_all/PEACE_experiments/gimadiev_tautomers/results/tautomer_benchmark/0047_47_cc-o-c-c-n-c-o-nc1ccccc1_methanol_293
48,CC(=O)C(C(=O)Nc1ccccc1)c1ccccc1,C/C(O)=C(\C(=O)Nc1ccccc1)c1ccccc1,methanol,methanol,293.0,-1.12,-5.765859945252937,4.645859945252937,7.730185349355452,-516929.78269029857,-516922.0525049492,True,True,isomeric,isomeric,CC(=O)C(C(=O)Nc1ccccc1)c1ccccc1,CC(O)=C(C(=O)Nc1ccccc1)c1ccccc1,2,none,False,False,True,0,,/home/jzheng/PEACE_all/PEACE_experiments/gimadiev_tautomers/results/tautomer_benchmark/0048_48_cc-o-c-c-o-nc1ccccc1-c1ccccc1_methanol_293
49,CCOC(=O)C1C(=O)C(C(=O)OCC)C(C)OC1C,CCOC(=O)C1=C(O)C(C(=O)OCC)C(C)OC1C,methanol,methanol,293.0,-1.0,-0.7261563222523413,0.2738436777476587,0.9735447993734851,-601532.6985888123,-601531.7250440129,True,True,isomeric,isomeric,CCOC(=O)C1C(=O)C(C(=O)OCC)C(C)OC1C,CCOC(=O)C1=C(O)C(C(=O)OCC)C(C)OC1C,2,none,False,False,True,0,,/home/jzheng/PEACE_all/PEACE_experiments/gimadiev_tautomers/results/tautomer_benchmark/0049_49_ccoc-o-c1c-o-c-c-o-occ-c-c-oc1_methanol_293
50,CCOC(=O)C1C(=O)C(C(=O)OCC)C(CC)OC1CC,CCOC(=O)C1=C(O)C(C(=O)OCC)C(CC)OC1CC,methanol,methanol,293.0,-1.12,-0.9763526707940078,0.14364732920599232,1.308978570974432,-650831.5147966193,-650830.2058180483,True,True,isomeric,isomeric,CCOC(=O)C1C(=O)C(C(=O)OCC)C(CC)OC1CC,CCOC(=O)C1=C(O)C(C(=O)OCC)C(CC)OC1CC,2,none,False,False,True,0,,/home/jzheng/PEACE_all/PEACE_experiments/gimadiev_tautomers/results/tautomer_benchmark/0050_50_ccoc-o-c1c-o-c-c-o-occ-c-cc-oc_methanol_293
51,CCCC1OC(CCC)C(C(=O)OCC)C(=O)C1C(=O)OCC,CCCC1OC(CCC)C(C(=O)OCC)C(O)=C1C(=O)OCC,methanol,methanol,293.0,-1.19,-2.126499844061987,0.9364998440619869,2.8509603244019672,-700128.5801612944,-700125.72920097,True,True,isomeric,isomeric,CCCC1OC(CCC)C(C(=O)OCC)C(=O)C1C(=O)OCC,CCCC1OC(CCC)C(C(=O)OCC)C(O)=C1C(=O)OCC,2,none,False,False,True,0,,/home/jzheng/PEACE_all/PEACE_experiments/gimadiev_tautomers/results/tautomer_benchmark/0051_51_cccc1oc-ccc-c-c-o-occ-c-o-c1c-_methanol_293
52,COC(=O)C1CN(C)CC(C(=O)OC)C1=O,COC(=O)C1=C(O)C(C(=O)OC)CN(C)C1,methanol,methanol,293.0,0.52,0.18170373530788483,0.33829626469211516,-0.2436069495161064,-515091.6747644045,-515091.918371354,True,True,isomeric,isomeric,COC(=O)C1CN(C)CC(C(=O)OC)C1=O,COC(=O)C1=C(O)C(C(=O)OC)CN(C)C1,2,none,False,False,True,0,,/home/jzheng/PEACE_all/PEACE_experiments/gimadiev_tautomers/results/tautomer_benchmark/0052_52_coc-o-c1cn-c-cc-c-o-oc-c1-o_methanol_293
83,CC(=O)CC(=O)Nc1ccccc1,C/C(O)=C\C(=O)Nc1ccccc1,acetonitrile,acetonitrile,293.0,-0.7,-0.4467070760027895,0.25329292399721043,0.5988921907846816,-371984.23781968886,-371983.6389274981,True,True,isomeric,isomeric,CC(=O)CC(=O)Nc1ccccc1,CC(O)=CC(=O)Nc1ccccc1,2,none,False,False,True,0,,/home/jzheng/PEACE_all/PEACE_experiments/gimadiev_tautomers/results/tautomer_benchmark/0053_83_cc-o-cc-o-nc1ccccc1_acetonitrile_293
84,CC(C)C(=O)CC(=O)C(C)C,CC(C)C(=O)/C=C(/O)C(C)C,acetonitrile,acetonitrile,298.0,0.26,1.2973846854049063,1.0373846854049062,-1.7690627140109427,-315544.662976614,-315546.43203932804,True,True,isomeric,isomeric,CC(C)C(=O)CC(=O)C(C)C,CC(C)C(=O)C=C(O)C(C)C,2,none,False,False,True,0,,/home/jzheng/PEACE_all/PEACE_experiments/gimadiev_tautomers/results/tautomer_benchmark/0054_84_cc-c-c-o-cc-o-c-c-c_acetonitrile_298
85,CC(C)(C)C(=O)CC(=O)C(C)(C)C,CC(C)(C)C(=O)/C=C(/O)C(C)(C)C,acetonitrile,acetonitrile,298.0,0.79,1.737871186097137,0.9478711860971369,-2.3696927762939595,-364841.9140067832,-364844.2836995595,True,True,isomeric,isomeric,CC(C)(C)C(=O)CC(=O)C(C)(C)C,CC(C)(C)C(=O)C=C(O)C(C)(C)C,2,none,False,False,True,0,,/home/jzheng/PEACE_all/PEACE_experiments/gimadiev_tautomers/results/tautomer_benchmark/0055_85_cc-c-c-c-o-cc-o-c-c-c-c_acetonitrile_298
86,CC(=O)C(C)C(=O)Nc1ccccc1,C/C(O)=C(/C)C(=O)Nc1ccccc1,acetonitrile,acetonitrile,293.0,-1.36,-1.5195076510063856,0.15950765100638553,2.037176742684096,-396633.2434238327,-396631.20624709,True,True,isomeric,isomeric,CC(=O)C(C)C(=O)Nc1ccccc1,CC(O)=C(C)C(=O)Nc1ccccc1,2,none,False,False,True,0,,/home/jzheng/PEACE_all/PEACE_experiments/gimadiev_tautomers/results/tautomer_benchmark/0056_86_cc-o-c-c-c-o-nc1ccccc1_acetonitrile_293
87,CC(=O)C(Cl)C(=O)Nc1ccccc1,C/C(O)=C(/Cl)C(=O)Nc1ccccc1,acetonitrile,acetonitrile,293.0,-0.75,0.2309264180466718,0.9809264180466718,-0.30959892028477043,-660392.1870457567,-660392.496644677,True,True,isomeric,isomeric,CC(=O)C(Cl)C(=O)Nc1ccccc1,CC(O)=C(Cl)C(=O)Nc1ccccc1,2,none,False,False,True,0,,/home/jzheng/PEACE_all/PEACE_experiments/gimadiev_tautomers/results/tautomer_benchmark/0057_87_cc-o-c-cl-c-o-nc1ccccc1_acetonitrile_293
88,CC(=O)C(Br)C(=O)Nc1ccccc1,C/C(O)=C(/Br)C(=O)Nc1ccccc1,acetonitrile,acetonitrile,293.0,-0.15,-0.6312474011442787,0.48124740114427866,0.8463021055795252,-1986837.0607890384,-1986836.2144869328,True,True,isomeric,isomeric,CC(=O)C(Br)C(=O)Nc1ccccc1,CC(O)=C(Br)C(=O)Nc1ccccc1,2,none,False,False,True,0,,/home/jzheng/PEACE_all/PEACE_experiments/gimadiev_tautomers/results/tautomer_benchmark/0058_88_cc-o-c-br-c-o-nc1ccccc1_acetonitrile_293
89,COC(C(C)=O)C(=O)Nc1ccccc1,CO/C(C(=O)Nc1ccccc1)=C(/C)O,acetonitrile,acetonitrile,293.0,0.25,-0.6093557916882792,0.8593557916882792,0.8169524161494337,-443833.2309189998,-443832.41396658367,True,True,isomeric,isomeric,COC(C(C)=O)C(=O)Nc1ccccc1,COC(C(=O)Nc1ccccc1)=C(C)O,2,none,False,False,True,0,,/home/jzheng/PEACE_all/PEACE_experiments/gimadiev_tautomers/results/tautomer_benchmark/0059_89_coc-c-c-o-c-o-nc1ccccc1_acetonitrile_293
90,CC(=O)C(C#N)C(=O)Nc1ccccc1,C/C(O)=C(/C#N)C(=O)Nc1ccccc1,acetonitrile,acetonitrile,293.0,1.48,4.231519499305188,2.751519499305188,-5.673122543666977,-429881.87800141465,-429887.5511239583,True,True,isomeric,isomeric,CC(=O)C(C#N)C(=O)Nc1ccccc1,CC(O)=C(C#N)C(=O)Nc1ccccc1,2,none,False,False,True,0,,/home/jzheng/PEACE_all/PEACE_experiments/gimadiev_tautomers/results/tautomer_benchmark/0060_90_cc-o-c-c-n-c-o-nc1ccccc1_acetonitrile_293
91,CC(=O)C(C(=O)Nc1ccccc1)c1ccccc1,C/C(O)=C(\C(=O)Nc1ccccc1)c1ccccc1,acetonitrile,acetonitrile,293.0,-0.68,0.7187345969968867,1.3987345969968867,-0.9635946250054985,-516926.4197685555,-516927.3833631805,True,True,isomeric,isomeric,CC(=O)C(C(=O)Nc1ccccc1)c1ccccc1,CC(O)=C(C(=O)Nc1ccccc1)c1ccccc1,2,none,False,False,True,0,,/home/jzheng/PEACE_all/PEACE_experiments/gimadiev_tautomers/results/tautomer_benchmark/0061_91_cc-o-c-c-o-nc1ccccc1-c1ccccc1_acetonitrile_293
92,CCOC(=O)C(C(=O)c1ccccc1)C(=O)c1ccccc1,CCOC(=O)/C(C(=O)c1ccccc1)=C(\O)c1ccccc1,acetonitrile,acetonitrile,306.0,-0.85,3.340395467819521,4.1903954678195205,-4.677109203534201,-625176.4458951086,-625181.1230043122,True,True,isomeric,isomeric,CCOC(=O)C(C(=O)c1ccccc1)C(=O)c1ccccc1,CCOC(=O)C(C(=O)c1ccccc1)=C(O)c1ccccc1,2,none,False,False,True,0,,/home/jzheng/PEACE_all/PEACE_experiments/gimadiev_tautomers/results/tautomer_benchmark/0062_92_ccoc-o-c-c-o-c1ccccc1-c-o-c1cc_acetonitrile_306
111,CC(=O)CC(C)=O,CC(=O)/C=C(\C)O,dmso,methanesulfinylmethane,311.0,0.18,0.1712075892402631,0.008792410759736885,-0.2436360775900539,-216953.943340936,-216954.1869770136,True,True,isomeric,isomeric,CC(=O)CC(C)=O,CC(=O)C=C(C)O,2,none,False,False,True,0,,/home/jzheng/PEACE_all/PEACE_experiments/gimadiev_tautomers/results/tautomer_benchmark/0063_111_cc-o-cc-c-o_dmso_311
112,CC(=O)Cc1ccccn1,C/C(O)=C\c1ccccn1,dmso,methanesulfinylmethane,306.0,-0.77,0.8825685222165762,1.6525685222165762,-1.2357427130336873,-276196.5772339824,-276197.8129766954,True,True,isomeric,isomeric,CC(=O)Cc1ccccn1,CC(O)=Cc1ccccn1,2,none,False,False,True,0,,/home/jzheng/PEACE_all/PEACE_experiments/gimadiev_tautomers/results/tautomer_benchmark/0064_112_cc-o-cc1ccccn1_dmso_306
113,CCC(=O)Cc1ccccn1,CC/C(O)=C\c1ccccn1,dmso,methanesulfinylmethane,306.0,-0.88,0.21605085846358607,1.096050858463586,-0.30250713374698535,-300845.4307797885,-300845.7332869223,True,True,isomeric,isomeric,CCC(=O)Cc1ccccn1,CCC(O)=Cc1ccccn1,2,none,False,False,True,0,,/home/jzheng/PEACE_all/PEACE_experiments/gimadiev_tautomers/results/tautomer_benchmark/0065_113_ccc-o-cc1ccccn1_dmso_306
114,CCCC(=O)Cc1ccccn1,CCC/C(O)=C\c1ccccn1,dmso,methanesulfinylmethane,306.0,-0.72,0.06643043803876282,0.7864304380387628,-0.09301366144791245,-325495.3674101714,-325495.4604238329,True,True,isomeric,isomeric,CCCC(=O)Cc1ccccn1,CCCC(O)=Cc1ccccn1,2,none,False,False,True,0,,/home/jzheng/PEACE_all/PEACE_experiments/gimadiev_tautomers/results/tautomer_benchmark/0066_114_cccc-o-cc1ccccn1_dmso_306
115,CC(C)C(=O)Cc1ccccn1,CC(C)/C(O)=C\c1ccccn1,dmso,methanesulfinylmethane,306.0,-0.79,-0.22481151035606253,0.5651884896439375,0.3147735033999197,-325496.07599034713,-325495.76121684373,True,True,isomeric,isomeric,CC(C)C(=O)Cc1ccccn1,CC(C)C(O)=Cc1ccccn1,2,none,False,False,True,0,,/home/jzheng/PEACE_all/PEACE_experiments/gimadiev_tautomers/results/tautomer_benchmark/0067_115_cc-c-c-o-cc1ccccn1_dmso_306
116,CCCCC(=O)Cc1ccccn1,CCCC/C(O)=C\c1ccccn1,dmso,methanesulfinylmethane,306.0,-0.7,-0.6396744470518106,0.06032555294818931,0.8956506115500815,-350145.41534541344,-350144.5196948019,True,True,isomeric,isomeric,CCCCC(=O)Cc1ccccn1,CCCCC(O)=Cc1ccccn1,2,none,False,False,True,0,,/home/jzheng/PEACE_all/PEACE_experiments/gimadiev_tautomers/results/tautomer_benchmark/0068_116_ccccc-o-cc1ccccn1_dmso_306
117,CC(C)CC(=O)Cc1ccccn1,CC(C)C/C(O)=C\c1ccccn1,dmso,methanesulfinylmethane,306.0,-0.55,-0.14191369098067888,0.4080863090193212,0.1987027693539858,-350145.62496329134,-350145.426260522,True,True,isomeric,isomeric,CC(C)CC(=O)Cc1ccccn1,CC(C)CC(O)=Cc1ccccn1,2,none,False,False,True,0,,/home/jzheng/PEACE_all/PEACE_experiments/gimadiev_tautomers/results/tautomer_benchmark/0069_117_cc-c-cc-o-cc1ccccn1_dmso_306
118,CCC(C)C(=O)Cc1ccccn1,CCC(C)/C(O)=C\c1ccccn1,dmso,methanesulfinylmethane,306.0,-0.39,-0.036759256228833005,0.353240743771167,0.05146907223388553,-350145.4637234679,-350145.41225439566,True,True,isomeric,isomeric,CCC(C)C(=O)Cc1ccccn1,CCC(C)C(O)=Cc1ccccn1,2,none,False,False,True,0,,/home/jzheng/PEACE_all/PEACE_experiments/gimadiev_tautomers/results/tautomer_benchmark/0070_118_ccc-c-c-o-cc1ccccn1_dmso_306
119,CC(C)(C)C(=O)Cc1ccccn1,CC(C)(C)/C(O)=C\c1ccccn1,dmso,methanesulfinylmethane,306.0,-0.4,-0.1687035541840832,0.23129644581591682,0.23621303332038224,-350144.6728833236,-350144.4366702903,True,True,isomeric,isomeric,CC(C)(C)C(=O)Cc1ccccn1,CC(C)(C)C(O)=Cc1ccccn1,2,none,False,False,True,0,,/home/jzheng/PEACE_all/PEACE_experiments/gimadiev_tautomers/results/tautomer_benchmark/0071_119_cc-c-c-c-o-cc1ccccn1_dmso_306
120,CCCCCC(=O)Cc1ccccn1,CCCCC/C(O)=C\c1ccccn1,dmso,methanesulfinylmethane,306.0,-0.68,0.006819492646455544,0.6868194926464556,-0.009548423870000988,-374793.7461315417,-374793.75567996554,True,True,isomeric,isomeric,CCCCCC(=O)Cc1ccccn1,CCCCCC(O)=Cc1ccccn1,2,none,False,False,True,0,,/home/jzheng/PEACE_all/PEACE_experiments/gimadiev_tautomers/results/tautomer_benchmark/0072_120_cccccc-o-cc1ccccn1_dmso_306
131,CC(=O)C(C1CCC1=O)C1CCC1=O,C/C(O)=C(/C1CCC1=O)C1CCC1=O,benzene,benzene,300.0,-0.37,-8.911576572706903,8.541576572706903,12.23302873125067,-409812.97732834367,-409800.7442996124,True,True,isomeric,isomeric,CC(=O)C(C1CCC1=O)C1CCC1=O,CC(O)=C(C1CCC1=O)C1CCC1=O,2,none,False,False,True,0,,/home/jzheng/PEACE_all/PEACE_experiments/gimadiev_tautomers/results/tautomer_benchmark/0073_131_cc-o-c-c1ccc1-o-c1ccc1-o_benzene_300
132,CC(=O)CC(=O)Nc1ccccc1,C/C(O)=C\C(=O)Nc1ccccc1,benzene,benzene,293.0,-0.59,-0.08561774834044572,0.5043822516595542,0.11478618456749246,-371983.91504382313,-371983.80025763856,True,True,isomeric,isomeric,CC(=O)CC(=O)Nc1ccccc1,CC(O)=CC(=O)Nc1ccccc1,2,none,False,False,True,0,,/home/jzheng/PEACE_all/PEACE_experiments/gimadiev_tautomers/results/tautomer_benchmark/0074_132_cc-o-cc-o-nc1ccccc1_benzene_293
133,CC(=O)C(C)C(=O)Nc1ccccc1,C/C(O)=C(/C)C(=O)Nc1ccccc1,benzene,benzene,293.0,-1.32,-1.458303062932694,0.138303062932694,1.9551208456396125,-396633.5221457241,-396631.56702487846,True,True,isomeric,isomeric,CC(=O)C(C)C(=O)Nc1ccccc1,CC(O)=C(C)C(=O)Nc1ccccc1,2,none,False,False,True,0,,/home/jzheng/PEACE_all/PEACE_experiments/gimadiev_tautomers/results/tautomer_benchmark/0075_133_cc-o-c-c-c-o-nc1ccccc1_benzene_293
134,CC(=O)C(Cl)C(=O)Nc1ccccc1,C/C(O)=C(/Cl)C(=O)Nc1ccccc1,benzene,benzene,293.0,0.55,0.5697290482337682,0.0197290482337682,-0.7638255496276543,-660392.5827058952,-660393.3465314448,True,True,isomeric,isomeric,CC(=O)C(Cl)C(=O)Nc1ccccc1,CC(O)=C(Cl)C(=O)Nc1ccccc1,2,none,False,False,True,0,,/home/jzheng/PEACE_all/PEACE_experiments/gimadiev_tautomers/results/tautomer_benchmark/0076_134_cc-o-c-cl-c-o-nc1ccccc1_benzene_293
135,CC(=O)C(Br)C(=O)Nc1ccccc1,C/C(O)=C(/Br)C(=O)Nc1ccccc1,benzene,benzene,293.0,-0.11,-1.415978520405764,1.305978520405764,1.898377088131383,-1986839.0642318036,-1986837.1658547155,True,True,isomeric,isomeric,CC(=O)C(Br)C(=O)Nc1ccccc1,CC(O)=C(Br)C(=O)Nc1ccccc1,2,none,False,False,True,0,,/home/jzheng/PEACE_all/PEACE_experiments/gimadiev_tautomers/results/tautomer_benchmark/0077_135_cc-o-c-br-c-o-nc1ccccc1_benzene_293
136,CC(=O)C(C(=O)Nc1ccccc1)c1ccccc1,C/C(O)=C(\C(=O)Nc1ccccc1)c1ccccc1,benzene,benzene,293.0,-0.71,1.2836222774583377,1.9936222774583376,-1.72092943941243,-516927.20493837725,-516928.92586781667,True,True,isomeric,isomeric,CC(=O)C(C(=O)Nc1ccccc1)c1ccccc1,CC(O)=C(C(=O)Nc1ccccc1)c1ccccc1,2,none,False,False,True,0,,/home/jzheng/PEACE_all/PEACE_experiments/gimadiev_tautomers/results/tautomer_benchmark/0078_136_cc-o-c-c-o-nc1ccccc1-c1ccccc1_benzene_293
171,CC(=O)CC=O,C/C(O)=C\C=O,dmf,"n,n-dimethylformamide",299.0,0.95,1.6095440968207553,0.6595440968207553,-2.2020758081634995,-192294.72767842087,-192296.92975422903,True,True,isomeric,isomeric,CC(=O)CC=O,CC(O)=CC=O,2,none,False,False,True,0,,/home/jzheng/PEACE_all/PEACE_experiments/gimadiev_tautomers/results/tautomer_benchmark/0079_171_cc-o-cc-o_dmf_299
172,CC(C)(C)C(=O)CC=O,CC(C)(C)/C(O)=C\C=O,dmf,"n,n-dimethylformamide",299.0,0.72,0.9548177448511743,0.23481774485117435,-1.3063208776293322,-266242.1030521679,-266243.40937304555,True,True,isomeric,isomeric,CC(C)(C)C(=O)CC=O,CC(C)(C)C(O)=CC=O,2,none,False,False,True,0,,/home/jzheng/PEACE_all/PEACE_experiments/gimadiev_tautomers/results/tautomer_benchmark/0080_172_cc-c-c-c-o-cc-o_dmf_299
173,CC(=O)C(C)C=O,C/C(O)=C(/C)C=O,dmf,"n,n-dimethylformamide",299.0,0.87,0.8597962548562115,0.010203745143788523,-1.1763185218151193,-216944.88134513187,-216946.0576636537,True,True,isomeric,isomeric,CC(=O)C(C)C=O,CC(O)=C(C)C=O,2,none,False,False,True,0,,/home/jzheng/PEACE_all/PEACE_experiments/gimadiev_tautomers/results/tautomer_benchmark/0081_173_cc-o-c-c-c-o_dmf_299
174,CCC(=O)C(C)C=O,CC/C(O)=C(/C)C=O,thf,oxolane,299.0,1.2,0.6427378319286217,0.5572621680713783,-0.8793530003167689,-241591.6894239186,-241592.56877691892,True,True,isomeric,isomeric,CCC(=O)C(C)C=O,CCC(O)=C(C)C=O,2,none,False,False,True,0,,/home/jzheng/PEACE_all/PEACE_experiments/gimadiev_tautomers/results/tautomer_benchmark/0082_174_ccc-o-c-c-c-o_thf_299
175,Nc1ccccn1,N=c1cccc[nH]1,water,water,294.0,5.3,-12.923904684348695,18.223904684348696,17.385983962885803,-190508.9816275875,-190491.5956436246,True,True,isomeric,isomeric,Nc1ccccn1,N=c1cccc[nH]1,2,none,False,False,True,0,,/home/jzheng/PEACE_all/PEACE_experiments/gimadiev_tautomers/results/tautomer_benchmark/0083_175_nc1ccccn1_water_294
176,Nc1ccccn1,N=c1cccc[nH]1,water,water,308.0,6.16,-12.338625763584002,18.498625763584002,17.38904400341562,-190510.0469203363,-190492.65787633287,True,True,isomeric,isomeric,Nc1ccccn1,N=c1cccc[nH]1,2,none,False,False,True,0,,/home/jzheng/PEACE_all/PEACE_experiments/gimadiev_tautomers/results/tautomer_benchmark/0084_176_nc1ccccn1_water_308
177,Nc1ccncc1,N=c1cc[nH]cc1,water,water,294.0,3.3,-12.374262027945724,15.674262027945723,16.646572875994025,-190505.71255058493,-190489.06597770893,True,True,isomeric,isomeric,Nc1ccncc1,N=c1cc[nH]cc1,2,none,False,False,True,0,,/home/jzheng/PEACE_all/PEACE_experiments/gimadiev_tautomers/results/tautomer_benchmark/0085_177_nc1ccncc1_water_294
178,Nc1nccs1,N=c1[nH]ccs1,water,water,294.0,4.3,-7.705454766680991,12.005454766680991,10.365823353873566,-391816.5159426657,-391806.1501193118,True,True,isomeric,isomeric,Nc1nccs1,N=c1[nH]ccs1,2,none,False,False,True,0,,/home/jzheng/PEACE_all/PEACE_experiments/gimadiev_tautomers/results/tautomer_benchmark/0086_178_nc1nccs1_water_294
179,Nc1nc(N)nc(N)n1,N=c1nc(N)nc(N)[nH]1,water,water,294.0,5.3,-17.146233972843053,22.446233972843054,23.06610549648758,-280191.3756737231,-280168.3095682266,True,True,isomeric,isomeric,Nc1nc(N)nc(N)n1,N=c1nc(N)nc(N)[nH]1,2,none,False,False,True,0,,/home/jzheng/PEACE_all/PEACE_experiments/gimadiev_tautomers/results/tautomer_benchmark/0087_179_nc1nc-n-nc-n-n1_water_294
232,CN/C(=C\c1ccccc1)c1ccccc1,C/N=C(/Cc1ccccc1)c1ccccc1,dmso,methanesulfinylmethane,328.0,0.1,-0.4345917039163591,0.5345917039163591,0.6522490771021694,-398562.45016209566,-398561.79791301856,True,True,isomeric,isomeric,CN/C(=C\c1ccccc1)c1ccccc1,CN=C(Cc1ccccc1)c1ccccc1,2,none,False,False,True,0,,/home/jzheng/PEACE_all/PEACE_experiments/gimadiev_tautomers/results/tautomer_benchmark/0088_232_cn-c-c-c1ccccc1-c1ccccc1_dmso_328
233,CN/C(=C\c1ccccc1)Cc1ccccc1,C/N=C(\Cc1ccccc1)Cc1ccccc1,dmso,methanesulfinylmethane,328.0,-0.16,0.4193454938943891,0.579345493894389,-0.6293670792947523,-423210.9569901991,-423211.5863572784,True,True,isomeric,isomeric,CN/C(=C\c1ccccc1)Cc1ccccc1,CN=C(Cc1ccccc1)Cc1ccccc1,2,none,False,False,True,0,,/home/jzheng/PEACE_all/PEACE_experiments/gimadiev_tautomers/results/tautomer_benchmark/0089_233_cn-c-c-c1ccccc1-cc1ccccc1_dmso_328
234,CCOC(=O)/C=C(/C)NN(C)c1ccccc1,CCOC(=O)C/C(C)=N/N(C)c1ccccc1,dmso,methanesulfinylmethane,353.0,-0.66,-2.959154455596532,2.2991544555965318,4.779698884405661,-480636.36796410976,-480631.58826522535,True,True,isomeric,isomeric,CCOC(=O)/C=C(/C)NN(C)c1ccccc1,CCOC(=O)CC(C)=NN(C)c1ccccc1,2,none,False,False,True,0,,/home/jzheng/PEACE_all/PEACE_experiments/gimadiev_tautomers/results/tautomer_benchmark/0090_234_ccoc-o-c-c-c-nn-c-c1ccccc1_dmso_353
235,C/C=C(\Nc1ccccc1)c1ccccc1,CC/C(=N/c1ccccc1)c1ccccc1,dmso,methanesulfinylmethane,328.0,0.82,0.5987091261835075,0.22129087381649248,-0.8985617338912562,-398566.2001547804,-398567.0987165143,True,True,isomeric,isomeric,C/C=C(\Nc1ccccc1)c1ccccc1,CCC(=Nc1ccccc1)c1ccccc1,2,none,False,False,True,0,,/home/jzheng/PEACE_all/PEACE_experiments/gimadiev_tautomers/results/tautomer_benchmark/0091_235_c-c-c-nc1ccccc1-c1ccccc1_dmso_328
236,C/C=C(\Nc1ccc(Cl)cc1)c1ccccc1,CC/C(=N/c1ccc(Cl)cc1)c1ccccc1,dmso,methanesulfinylmethane,328.0,0.5,-0.3114718556275001,0.8114718556275001,0.467466885689646,-686980.9637897377,-686980.496322852,True,True,isomeric,isomeric,C/C=C(\Nc1ccc(Cl)cc1)c1ccccc1,CCC(=Nc1ccc(Cl)cc1)c1ccccc1,2,none,False,False,True,0,,/home/jzheng/PEACE_all/PEACE_experiments/gimadiev_tautomers/results/tautomer_benchmark/0092_236_c-c-c-nc1ccc-cl-cc1-c1ccccc1_dmso_328
237,C/C=C(\Nc1ccc(OC)cc1)c1ccccc1,CC/C(=N/c1ccc(OC)cc1)c1ccccc1,dmso,methanesulfinylmethane,328.0,1.2,0.4383635880818789,0.761636411918121,-0.6579100410453975,-470419.0020193894,-470419.65992943046,True,True,isomeric,isomeric,C/C=C(\Nc1ccc(OC)cc1)c1ccccc1,CCC(=Nc1ccc(OC)cc1)c1ccccc1,2,none,False,False,True,0,,/home/jzheng/PEACE_all/PEACE_experiments/gimadiev_tautomers/results/tautomer_benchmark/0093_237_c-c-c-nc1ccc-oc-cc1-c1ccccc1_dmso_328
238,C/C=C(/C)Nc1ccccc1,CC/C(C)=N/c1ccccc1,dmso,methanesulfinylmethane,328.0,0.9,2.1827992847160402,1.2827992847160403,-3.2760147193912417,-278269.93160202407,-278273.20761674346,True,True,isomeric,isomeric,C/C=C(/C)Nc1ccccc1,CCC(C)=Nc1ccccc1,2,none,False,False,True,0,,/home/jzheng/PEACE_all/PEACE_experiments/gimadiev_tautomers/results/tautomer_benchmark/0094_238_c-c-c-c-nc1ccccc1_dmso_328
239,C/C=C(/C)Nc1ccc(Cl)cc1,CC/C(C)=N/c1ccc(Cl)cc1,dmso,methanesulfinylmethane,328.0,0.59,1.7801203783231967,1.1901203783231966,-2.671661385684274,-566684.8300309991,-566687.5016923848,True,True,isomeric,isomeric,C/C=C(/C)Nc1ccc(Cl)cc1,CCC(C)=Nc1ccc(Cl)cc1,2,none,False,False,True,0,,/home/jzheng/PEACE_all/PEACE_experiments/gimadiev_tautomers/results/tautomer_benchmark/0095_239_c-c-c-c-nc1ccc-cl-cc1_dmso_328
240,C/C=C(/C)Nc1ccc(OC)cc1,CC/C(C)=N/c1ccc(OC)cc1,dmso,methanesulfinylmethane,328.0,0.93,2.6913541068334035,1.7613541068334033,-4.039270001056138,-350122.6740580644,-350126.71332806547,True,True,isomeric,isomeric,C/C=C(/C)Nc1ccc(OC)cc1,CCC(C)=Nc1ccc(OC)cc1,2,none,False,False,True,0,,/home/jzheng/PEACE_all/PEACE_experiments/gimadiev_tautomers/results/tautomer_benchmark/0096_240_c-c-c-c-nc1ccc-oc-cc1_dmso_328
241,Clc1ccc(N/C(=C\c2ccccc2)c2ccccc2)cc1,Clc1ccc(/N=C(/Cc2ccccc2)c2ccccc2)cc1,dmso,methanesulfinylmethane,328.0,-0.59,-0.737765475347533,0.14776547534753304,1.1072619336191565,-807276.7693164331,-807275.6620544995,True,True,isomeric,isomeric,Clc1ccc(N/C(=C\c2ccccc2)c2ccccc2)cc1,Clc1ccc(N=C(Cc2ccccc2)c2ccccc2)cc1,2,none,False,False,True,0,,/home/jzheng/PEACE_all/PEACE_experiments/gimadiev_tautomers/results/tautomer_benchmark/0097_241_clc1ccc-n-c-c-c2ccccc2-c2ccccc_dmso_328
242,COc1ccc(N/C(=C\c2ccccc2)c2ccccc2)cc1,COc1ccc(/N=C(/Cc2ccccc2)c2ccccc2)cc1,dmso,methanesulfinylmethane,328.0,0.12,-0.461292014768532,0.581292014768532,0.6923217544099316,-590714.8330745996,-590714.1407528452,True,True,isomeric,isomeric,COc1ccc(N/C(=C\c2ccccc2)c2ccccc2)cc1,COc1ccc(N=C(Cc2ccccc2)c2ccccc2)cc1,2,none,False,False,True,0,,/home/jzheng/PEACE_all/PEACE_experiments/gimadiev_tautomers/results/tautomer_benchmark/0098_242_coc1ccc-n-c-c-c2ccccc2-c2ccccc_dmso_328
243,C(=C(/Cc1ccccc1)Nc1ccccc1)\c1ccccc1,c1ccc(C/C(Cc2ccccc2)=N\c2ccccc2)cc1,dmso,methanesulfinylmethane,328.0,0.67,1.854215357618719,1.184215357618719,-2.7828654915792868,-543509.7983785263,-543512.5812440179,True,True,isomeric,isomeric,C(=C(\Cc1ccccc1)Nc1ccccc1)/c1ccccc1,c1ccc(CC(Cc2ccccc2)=Nc2ccccc2)cc1,2,none,False,False,True,0,,/home/jzheng/PEACE_all/PEACE_experiments/gimadiev_tautomers/results/tautomer_benchmark/0099_243_c-c-cc1ccccc1-nc1ccccc1-c1cccc_dmso_328
244,Clc1ccc(N/C(=C\c2ccccc2)Cc2ccccc2)cc1,Clc1ccc(/N=C(\Cc2ccccc2)Cc2ccccc2)cc1,dmso,methanesulfinylmethane,328.0,0.34,1.7054432813327773,1.3654432813327773,-2.5595836190041155,-831923.8471598667,-831926.4067434857,True,True,isomeric,isomeric,Clc1ccc(N/C(=C\c2ccccc2)Cc2ccccc2)cc1,Clc1ccc(N=C(Cc2ccccc2)Cc2ccccc2)cc1,2,none,False,False,True,0,,/home/jzheng/PEACE_all/PEACE_experiments/gimadiev_tautomers/results/tautomer_benchmark/0100_244_clc1ccc-n-c-c-c2ccccc2-cc2cccc_dmso_328
245,COc1ccc(N/C(=C\c2ccccc2)Cc2ccccc2)cc1,COc1ccc(/N=C(\Cc2ccccc2)Cc2ccccc2)cc1,dmso,methanesulfinylmethane,328.0,0.89,1.7861692149196777,0.8961692149196777,-2.6807396723888814,-615362.0849855633,-615364.7657252357,True,True,isomeric,isomeric,COc1ccc(N/C(=C\c2ccccc2)Cc2ccccc2)cc1,COc1ccc(N=C(Cc2ccccc2)Cc2ccccc2)cc1,2,none,False,False,True,0,,/home/jzheng/PEACE_all/PEACE_experiments/gimadiev_tautomers/results/tautomer_benchmark/0101_245_coc1ccc-n-c-c-c2ccccc2-cc2cccc_dmso_328
271,Oc1ccncc1,O=c1cc[nH]cc1,water,water,293.0,3.34,0.45289461382752505,2.887105386172475,-0.607187712128507,-202985.26666874287,-202985.873856455,True,True,isomeric,isomeric,Oc1ccncc1,O=c1cc[nH]cc1,2,none,False,False,True,0,,/home/jzheng/PEACE_all/PEACE_experiments/gimadiev_tautomers/results/tautomer_benchmark/0102_271_oc1ccncc1_water_293
272,Oc1ccncc1,O=c1cc[nH]cc1,water,water,293.0,3.29,0.45289461382752505,2.837105386172475,-0.607187712128507,-202985.26666874287,-202985.873856455,True,True,isomeric,isomeric,Oc1ccncc1,O=c1cc[nH]cc1,2,none,False,False,True,0,,/home/jzheng/PEACE_all/PEACE_experiments/gimadiev_tautomers/results/tautomer_benchmark/0103_272_oc1ccncc1_water_293
273,COC(=O)c1cc(O)cc(C(=O)OC)n1,COC(=O)c1cc(=O)cc(C(=O)OC)[nH]1,water,water,293.0,0.42,-1.0798299282427857,1.4998299282427856,1.4477086801198311,-488975.42628773645,-488973.97857905633,True,True,isomeric,isomeric,COC(=O)c1cc(O)cc(C(=O)OC)n1,COC(=O)c1cc(=O)cc(C(=O)OC)[nH]1,2,none,False,False,True,0,,/home/jzheng/PEACE_all/PEACE_experiments/gimadiev_tautomers/results/tautomer_benchmark/0104_273_coc-o-c1cc-o-cc-c-o-oc-n1_water_293
274,Oc1ccc2ccccc2n1,O=c1ccc2ccccc2[nH]1,water,water,293.0,3.68,4.253405164527922,0.5734051645279217,-5.702464263769798,-299378.9650904903,-299384.66755475407,True,True,isomeric,isomeric,Oc1ccc2ccccc2n1,O=c1ccc2ccccc2[nH]1,2,none,False,False,True,0,,/home/jzheng/PEACE_all/PEACE_experiments/gimadiev_tautomers/results/tautomer_benchmark/0105_274_oc1ccc2ccccc2n1_water_293
275,Oc1ccnc2ccccc12,O=c1cc[nH]c2ccccc12,water,water,293.0,4.285,4.823084501011072,0.5380845010110722,-6.466223165742122,-299372.1071569889,-299378.5733801546,True,True,isomeric,isomeric,Oc1ccnc2ccccc12,O=c1cc[nH]c2ccccc12,2,none,False,False,True,0,,/home/jzheng/PEACE_all/PEACE_experiments/gimadiev_tautomers/results/tautomer_benchmark/0106_275_oc1ccnc2ccccc12_water_293
276,Oc1cccc2ncccc12,O=c1cccc2[nH]cccc1-2,water,water,293.0,-1.28,-4.226819893108195,2.946819893108195,5.6668218656559475,-299370.6795957121,-299365.01277384645,True,True,isomeric,isomeric,Oc1cccc2ncccc12,O=c1cccc2[nH]cccc1-2,2,none,False,False,True,0,,/home/jzheng/PEACE_all/PEACE_experiments/gimadiev_tautomers/results/tautomer_benchmark/0107_276_oc1cccc2ncccc12_water_293
277,Oc1cccc2ncccc12,O=c1cccc2[nH]cccc1-2,water,water,313.0,-1.36,-3.952126682496814,2.592126682496814,5.660221055848524,-299372.4667964197,-299366.80657536385,True,True,isomeric,isomeric,Oc1cccc2ncccc12,O=c1cccc2[nH]cccc1-2,2,none,False,False,True,0,,/home/jzheng/PEACE_all/PEACE_experiments/gimadiev_tautomers/results/tautomer_benchmark/0108_277_oc1cccc2ncccc12_water_313
278,Oc1cccc2ncccc12,O=c1cccc2[nH]cccc1-2,water,water,333.0,-1.44,-3.7105308362602165,2.2705308362602166,5.653774419508409,-299374.30191152624,-299368.64813710673,True,True,isomeric,isomeric,Oc1cccc2ncccc12,O=c1cccc2[nH]cccc1-2,2,none,False,False,True,0,,/home/jzheng/PEACE_all/PEACE_experiments/gimadiev_tautomers/results/tautomer_benchmark/0109_278_oc1cccc2ncccc12_water_333
279,Oc1cccc2ncccc12,O=c1cccc2[nH]cccc1-2,water,water,353.0,-1.54,-3.496405238075749,1.956405238075749,5.647479530598503,-299376.18479490606,-299370.53731537546,True,True,isomeric,isomeric,Oc1cccc2ncccc12,O=c1cccc2[nH]cccc1-2,2,none,False,False,True,0,,/home/jzheng/PEACE_all/PEACE_experiments/gimadiev_tautomers/results/tautomer_benchmark/0110_279_oc1cccc2ncccc12_water_353
280,Oc1nccc2ccccc12,O=c1[nH]ccc2ccccc12,water,water,293.0,4.555,6.921289317191563,2.366289317191563,-9.27924885210814,-299375.6006360305,-299384.8798848826,True,True,isomeric,isomeric,Oc1nccc2ccccc12,O=c1[nH]ccc2ccccc12,2,none,False,False,True,0,,/home/jzheng/PEACE_all/PEACE_experiments/gimadiev_tautomers/results/tautomer_benchmark/0111_280_oc1nccc2ccccc12_water_293
281,Oc1ccc2cnccc2c1,O=c1ccc2c[nH]ccc-2c1,water,water,293.0,0.305,-4.916766061469608,5.221766061469608,6.5918203590554185,-299371.22559138166,-299364.6337710226,True,True,isomeric,isomeric,Oc1ccc2cnccc2c1,O=c1ccc2c[nH]ccc-2c1,2,none,False,False,True,0,,/home/jzheng/PEACE_all/PEACE_experiments/gimadiev_tautomers/results/tautomer_benchmark/0112_281_oc1ccc2cnccc2c1_water_293
282,Oc1ccc2cnccc2c1,O=c1ccc2c[nH]ccc-2c1,water,water,313.0,0.16,-4.589712009200688,4.749712009200688,6.573368376528379,-299373.01300961047,-299366.43964123394,True,True,isomeric,isomeric,Oc1ccc2cnccc2c1,O=c1ccc2c[nH]ccc-2c1,2,none,False,False,True,0,,/home/jzheng/PEACE_all/PEACE_experiments/gimadiev_tautomers/results/tautomer_benchmark/0113_282_oc1ccc2cnccc2c1_water_313
283,Oc1ccc2cnccc2c1,O=c1ccc2c[nH]ccc-2c1,water,water,353.0,-0.16,-4.046380095742759,3.8863800957427586,6.535812415240798,-299376.7310497365,-299370.19523732126,True,True,isomeric,isomeric,Oc1ccc2cnccc2c1,O=c1ccc2c[nH]ccc-2c1,2,none,False,False,True,0,,/home/jzheng/PEACE_all/PEACE_experiments/gimadiev_tautomers/results/tautomer_benchmark/0114_283_oc1ccc2cnccc2c1_water_353
284,Oc1cccc2ccncc12,O=c1cccc2cc[nH]cc1-2,water,water,293.0,0.16,-3.4945285577553644,3.6545285577553646,4.685051963897422,-299369.56835377536,-299364.88330181147,True,True,isomeric,isomeric,Oc1cccc2ccncc12,O=c1cccc2cc[nH]cc1-2,2,none,False,False,True,0,,/home/jzheng/PEACE_all/PEACE_experiments/gimadiev_tautomers/results/tautomer_benchmark/0115_284_oc1cccc2ccncc12_water_293
285,Oc1cccc2ccncc12,O=c1cccc2cc[nH]cc1-2,water,water,313.0,-0.17,-3.2715752331416144,3.1015752331416144,4.685537814977579,-299371.3669920875,-299366.68145427253,True,True,isomeric,isomeric,Oc1cccc2ccncc12,O=c1cccc2cc[nH]cc1-2,2,none,False,False,True,0,,/home/jzheng/PEACE_all/PEACE_experiments/gimadiev_tautomers/results/tautomer_benchmark/0116_285_oc1cccc2ccncc12_water_313
286,Oc1cccc2ccncc12,O=c1cccc2cc[nH]cc1-2,water,water,333.0,-0.3,-3.07540534054967,2.7754053405496704,4.686027097282931,-299373.2134816491,-299368.52745455183,True,True,isomeric,isomeric,Oc1cccc2ccncc12,O=c1cccc2cc[nH]cc1-2,2,none,False,False,True,0,,/home/jzheng/PEACE_all/PEACE_experiments/gimadiev_tautomers/results/tautomer_benchmark/0117_286_oc1cccc2ccncc12_water_333
287,Oc1cccc2ccncc12,O=c1cccc2cc[nH]cc1-2,water,water,353.0,-0.5,-2.901468404832718,2.401468404832718,4.686522959789727,-299375.10766432225,-299370.42114136246,True,True,isomeric,isomeric,Oc1cccc2ccncc12,O=c1cccc2cc[nH]cc1-2,2,none,False,False,True,0,,/home/jzheng/PEACE_all/PEACE_experiments/gimadiev_tautomers/results/tautomer_benchmark/0118_287_oc1cccc2ccncc12_water_353
288,Oc1nc2ccccc2c2ccccc12,O=c1[nH]c2ccccc2c2ccccc12,water,water,293.0,3.9,9.146732756523383,5.246732756523382,-12.262861085822806,-395765.54997821647,-395777.8128393023,True,True,isomeric,isomeric,Oc1nc2ccccc2c2ccccc12,O=c1[nH]c2ccccc2c2ccccc12,2,none,False,False,True,0,,/home/jzheng/PEACE_all/PEACE_experiments/gimadiev_tautomers/results/tautomer_benchmark/0119_288_oc1nc2ccccc2c2ccccc12_water_293
289,c1ccc(CC2=NCCCC2)cc1,C(=C1/CCCCN1)\c1ccccc1,water,water,308.0,0.25,-1.762030990605706,2.012030990605706,2.4832615088671446,-326826.8239380453,-326824.34067653643,True,True,isomeric,isomeric,c1ccc(CC2=NCCCC2)cc1,C(=C1CCCCN1)c1ccccc1,2,none,False,False,True,0,,/home/jzheng/PEACE_all/PEACE_experiments/gimadiev_tautomers/results/tautomer_benchmark/0120_289_c1ccc-cc2-ncccc2-cc1_water_308
290,c1ccc(C(C2=NCCCC2)c2ccccc2)cc1,c1ccc(/C(=C2/CCCCN2)c2ccccc2)cc1,water,water,308.0,0.55,-0.1630736592924883,0.7130736592924883,0.22982259868877009,-471764.8495095719,-471764.6196869732,True,True,isomeric,isomeric,c1ccc(C(C2=NCCCC2)c2ccccc2)cc1,c1ccc(C(=C2CCCCN2)c2ccccc2)cc1,2,none,False,False,True,0,,/home/jzheng/PEACE_all/PEACE_experiments/gimadiev_tautomers/results/tautomer_benchmark/0121_290_c1ccc-c-c2-ncccc2-c2ccccc2-cc1_water_308
291,NC(=S)c1ccccc1,N=C(S)c1ccccc1,water,water,298.0,8.3,-10.65958462805036,18.95958462805036,14.534990218759049,-454208.3571593865,-454193.82216916775,True,True,isomeric,isomeric,NC(=S)c1ccccc1,N=C(S)c1ccccc1,2,none,False,False,True,0,,/home/jzheng/PEACE_all/PEACE_experiments/gimadiev_tautomers/results/tautomer_benchmark/0122_291_nc-s-c1ccccc1_water_298
292,CNC(C)=S,C/N=C(/C)S,water,water,298.0,9.6,-8.578109167021717,18.178109167021717,11.696772171591874,-358556.5045923344,-358544.8078201628,True,True,isomeric,isomeric,CNC(C)=S,CN=C(C)S,2,none,False,False,True,0,,/home/jzheng/PEACE_all/PEACE_experiments/gimadiev_tautomers/results/tautomer_benchmark/0123_292_cnc-c-s_water_298
293,CNC(=S)c1ccccc1,C/N=C(\S)c1ccccc1,water,water,298.0,8.9,-10.424379005273504,19.324379005273506,14.214273085235618,-478848.5917128064,-478834.37743972114,True,True,isomeric,isomeric,CNC(=S)c1ccccc1,CN=C(S)c1ccccc1,2,none,False,False,True,0,,/home/jzheng/PEACE_all/PEACE_experiments/gimadiev_tautomers/results/tautomer_benchmark/0124_293_cnc-s-c1ccccc1_water_298
294,S=c1[nH]c(-c2ccccc2)co1,Sc1nc(-c2ccccc2)co1,water,water,298.0,-5.1,-6.717546420187158,1.6175464201871588,9.159782010130584,-549234.2118025305,-549225.0520205203,True,True,isomeric,isomeric,S=c1[nH]c(-c2ccccc2)co1,Sc1nc(-c2ccccc2)co1,2,none,False,False,True,0,,/home/jzheng/PEACE_all/PEACE_experiments/gimadiev_tautomers/results/tautomer_benchmark/0125_294_s-c1-nh-c-c2ccccc2-co1_water_298
295,S=c1[nH]cc(-c2ccccc2)o1,Sc1ncc(-c2ccccc2)o1,water,water,298.0,-5.7,-5.31605322844878,0.38394677155122015,7.2487610328244045,-549235.4917304376,-549228.2429694048,True,True,isomeric,isomeric,S=c1[nH]cc(-c2ccccc2)o1,Sc1ncc(-c2ccccc2)o1,2,none,False,False,True,0,,/home/jzheng/PEACE_all/PEACE_experiments/gimadiev_tautomers/results/tautomer_benchmark/0126_295_s-c1-nh-cc-c2ccccc2-o1_water_298
296,Cc1[nH]c(=S)oc1C,Cc1nc(S)oc1C,water,water,298.0,-6.6,-8.208831386150477,1.6088313861504773,11.193239518092014,-453597.82384185656,-453586.63060233847,True,True,isomeric,isomeric,Cc1[nH]c(=S)oc1C,Cc1nc(S)oc1C,2,none,False,False,True,0,,/home/jzheng/PEACE_all/PEACE_experiments/gimadiev_tautomers/results/tautomer_benchmark/0127_296_cc1-nh-c-s-oc1c_water_298
297,S=c1[nH]cc(-c2ccccc2)s1,Sc1ncc(-c2ccccc2)s1,water,water,298.0,-5.4,-5.938644069873396,0.5386440698733956,8.097701409598812,-751896.0305017702,-751887.9328003606,True,True,isomeric,isomeric,S=c1[nH]cc(-c2ccccc2)s1,Sc1ncc(-c2ccccc2)s1,2,none,False,False,True,0,,/home/jzheng/PEACE_all/PEACE_experiments/gimadiev_tautomers/results/tautomer_benchmark/0128_297_s-c1-nh-cc-c2ccccc2-s1_water_298
298,Cc1[nH]c(=S)sc1C,Cc1nc(S)sc1C,water,water,298.0,-6.2,-8.516637481890234,2.3166374818902336,11.612951800227165,-656258.2398333966,-656246.6268815964,True,True,isomeric,isomeric,Cc1[nH]c(=S)sc1C,Cc1nc(S)sc1C,2,none,False,False,True,0,,/home/jzheng/PEACE_all/PEACE_experiments/gimadiev_tautomers/results/tautomer_benchmark/0129_298_cc1-nh-c-s-sc1c_water_298
299,Cc1[nH]c(=S)[nH]c1C,Cc1nc(S)[nH]c1C,water,water,298.0,-8.2,-8.01299817053094,0.1870018294690592,10.926209049939644,-441127.9156476787,-441116.9894386288,True,True,isomeric,isomeric,Cc1[nH]c(=S)[nH]c1C,Cc1nc(S)[nH]c1C,2,none,False,False,True,0,,/home/jzheng/PEACE_all/PEACE_experiments/gimadiev_tautomers/results/tautomer_benchmark/0130_299_cc1-nh-c-s-nh-c1c_water_298
300,Cn1cc(-c2ccccc2)[nH]c1=S,Cn1cc(-c2ccccc2)nc1S,water,water,298.0,-7.6,-6.980676552376628,0.6193234476233718,9.518575906055048,-561409.2737197173,-561399.7551438112,True,True,isomeric,isomeric,Cn1cc(-c2ccccc2)[nH]c1=S,Cn1cc(-c2ccccc2)nc1S,2,none,False,False,True,0,,/home/jzheng/PEACE_all/PEACE_experiments/gimadiev_tautomers/results/tautomer_benchmark/0131_300_cn1cc-c2ccccc2-nh-c1-s_water_298
301,Cn1c(-c2ccccc2)c[nH]c1=S,Cn1c(-c2ccccc2)cnc1S,water,water,298.0,-6.8,-6.621442411686621,0.17855758831337898,9.02873836515937,-561408.3173052311,-561399.288566866,True,True,isomeric,isomeric,Cn1c(-c2ccccc2)c[nH]c1=S,Cn1c(-c2ccccc2)cnc1S,2,none,False,False,True,0,,/home/jzheng/PEACE_all/PEACE_experiments/gimadiev_tautomers/results/tautomer_benchmark/0132_301_cn1c-c2ccccc2-c-nh-c1-s_water_298
302,Cc1[nH]c(=S)n(C)c1C,Cc1nc(S)n(C)c1C,water,water,298.0,-8.2,-8.748692652481424,0.5486926524814244,11.929373101098463,-465771.4460878672,-465759.5167147661,True,True,isomeric,isomeric,Cc1[nH]c(=S)n(C)c1C,Cc1nc(S)n(C)c1C,2,none,False,False,True,0,,/home/jzheng/PEACE_all/PEACE_experiments/gimadiev_tautomers/results/tautomer_benchmark/0133_302_cc1-nh-c-s-n-c-c1c_water_298
303,CC[N+](=O)[O-],C/C=[N+](/[O-])O,water,water,291.0,-4.07,-4.9152901331475976,0.8452901331475973,6.5448597543581855,-178402.539888687,-178395.99502893264,True,True,isomeric,isomeric,CC[N+](=O)[O-],CC=[N+]([O-])O,2,none,False,False,True,0,,/home/jzheng/PEACE_all/PEACE_experiments/gimadiev_tautomers/results/tautomer_benchmark/0134_303_cc-n-o-o_water_291
304,CC[N+](=O)[O-],C/C=[N+](/[O-])O,water,water,298.0,-4.05,-4.792361946757927,0.742361946757927,6.534676204697462,-178403.0505123591,-178396.5158361544,True,True,isomeric,isomeric,CC[N+](=O)[O-],CC=[N+]([O-])O,2,none,False,False,True,0,,/home/jzheng/PEACE_all/PEACE_experiments/gimadiev_tautomers/results/tautomer_benchmark/0135_304_cc-n-o-o_water_298
305,CC[N+](=O)[O-],C/C=[N+](/[O-])O,water,water,273.0,-4.05,-5.258541120721098,1.2085411207210983,6.568801212823018,-178401.24096005206,-178394.67215883924,True,True,isomeric,isomeric,CC[N+](=O)[O-],CC=[N+]([O-])O,2,none,False,False,True,0,,/home/jzheng/PEACE_all/PEACE_experiments/gimadiev_tautomers/results/tautomer_benchmark/0136_305_cc-n-o-o_water_273
306,CC[N+](=O)[O-],C/C=[N+](/[O-])O,water,water,303.0,-4.35,-4.707824220865884,0.3578242208658846,6.527112006559037,-178403.41710726058,-178396.88999525402,True,True,isomeric,isomeric,CC[N+](=O)[O-],CC=[N+]([O-])O,2,none,False,False,True,0,,/home/jzheng/PEACE_all/PEACE_experiments/gimadiev_tautomers/results/tautomer_benchmark/0137_306_cc-n-o-o_water_303
307,CC(C)[N+](=O)[O-],C/C(C)=[N+](\[O-])O,water,water,298.0,-2.56,-2.9728434122276983,0.41284341222769827,4.053652316331863,-203054.26674230816,-203050.21308999183,True,True,isomeric,isomeric,CC(C)[N+](=O)[O-],CC(C)=[N+]([O-])O,2,none,False,False,True,0,,/home/jzheng/PEACE_all/PEACE_experiments/gimadiev_tautomers/results/tautomer_benchmark/0138_307_cc-c-n-o-o_water_298
308,CC(C)[N+](=O)[O-],C/C(C)=[N+](\[O-])O,water,water,273.0,-2.56,-3.3234195896962895,0.7634195896962894,4.15150935028214,-203052.28954468548,-203048.1380353352,True,True,isomeric,isomeric,CC(C)[N+](=O)[O-],CC(C)=[N+]([O-])O,2,none,False,False,True,0,,/home/jzheng/PEACE_all/PEACE_experiments/gimadiev_tautomers/results/tautomer_benchmark/0139_308_cc-c-n-o-o_water_273
309,CC(C)[N+](=O)[O-],C/C(C)=[N+](\[O-])O,water,water,303.0,-2.53,-2.9092972457422217,0.3792972457422219,4.033563721255632,-203054.66826586725,-203050.634702146,True,True,isomeric,isomeric,CC(C)[N+](=O)[O-],CC(C)=[N+]([O-])O,2,none,False,False,True,0,,/home/jzheng/PEACE_all/PEACE_experiments/gimadiev_tautomers/results/tautomer_benchmark/0140_309_cc-c-n-o-o_water_303
310,CCC([N+](=O)[O-])[N+](=O)[O-],CC/C([N+](=O)[O-])=[N+](\[O-])O,water,water,273.0,-1.3,-1.4327869550388155,0.13278695503881544,1.7897915927460417,-331400.74027068936,-331398.9504790966,True,True,isomeric,isomeric,CCC([N+](=O)[O-])[N+](=O)[O-],CCC([N+](=O)[O-])=[N+]([O-])O,2,none,False,False,True,0,,/home/jzheng/PEACE_all/PEACE_experiments/gimadiev_tautomers/results/tautomer_benchmark/0141_310_ccc-n-o-o-n-o-o_water_273
311,Sc1cc2ccccc2cn1,[S-]c1cc2ccccc2c[nH+]1,water,water,293.0,3.0,-1.5450254088222894,4.54502540882229,2.0713879443937913,-502021.7778674884,-502019.706479544,True,True,isomeric,isomeric,Sc1cc2ccccc2cn1,[S-]c1cc2ccccc2c[nH+]1,2,none,False,True,True,0,,/home/jzheng/PEACE_all/PEACE_experiments/gimadiev_tautomers/results/tautomer_benchmark/0142_311_sc1cc2ccccc2cn1_water_293
312,CCCCN(CCCC)CC(=O)O,CCCC[NH+](CCCC)CC(=O)[O-],acetonitrile,acetonitrile,303.0,-0.02,1.0428257565624743,1.0628257565624744,-1.4458144988166168,-375659.82538481744,-375661.27119931625,True,True,isomeric,isomeric,CCCCN(CCCC)CC(=O)O,CCCC[NH+](CCCC)CC(=O)[O-],2,none,False,True,True,0,,/home/jzheng/PEACE_all/PEACE_experiments/gimadiev_tautomers/results/tautomer_benchmark/0143_312_ccccn-cccc-cc-o-o_acetonitrile_303
314,CCCCN(CCCC)CCC(=O)O,CCCC[NH+](CCCC)CCC(=O)[O-],acetonitrile,acetonitrile,303.0,-0.11,3.6224166518325633,3.732416651832563,-5.022260414087214,-400307.3244948759,-400312.34675529,True,True,isomeric,isomeric,CCCCN(CCCC)CCC(=O)O,CCCC[NH+](CCCC)CCC(=O)[O-],2,none,False,True,True,0,,/home/jzheng/PEACE_all/PEACE_experiments/gimadiev_tautomers/results/tautomer_benchmark/0144_314_ccccn-cccc-ccc-o-o_acetonitrile_303
315,CCCCN(CCCC)CCC(=O)O,CCCC[NH+](CCCC)CCC(=O)[O-],nitromethane,nitromethane,303.0,-0.28,4.474068707306283,4.754068707306283,-6.203024201327935,-400305.9151261926,-400312.11815039394,True,True,isomeric,isomeric,CCCCN(CCCC)CCC(=O)O,CCCC[NH+](CCCC)CCC(=O)[O-],2,none,False,True,True,0,,/home/jzheng/PEACE_all/PEACE_experiments/gimadiev_tautomers/results/tautomer_benchmark/0145_315_ccccn-cccc-ccc-o-o_nitromethane_303
316,CC(=O)C(C)(C)CC(N)=O,CC1(C)CC(=O)NC1(C)O,water,water,307.0,1.28,0.18409353488074554,1.0959064651192545,-0.25860392389586195,-300998.07135281165,-300998.32995673554,True,True,isomeric,isomeric,CC(=O)C(C)(C)CC(N)=O,CC1(C)CC(=O)NC1(C)O,2,none,False,False,True,0,,/home/jzheng/PEACE_all/PEACE_experiments/gimadiev_tautomers/results/tautomer_benchmark/0146_316_cc-o-c-c-c-cc-n-o_water_307
317,CC(=O)C(C)(C)CC(N)=O,CC1(C)CC(=O)NC1(C)O,water,water,363.0,0.48,0.03402599700375977,0.44597400299624024,-0.0565165551379323,-301004.19012684765,-301004.2466434028,True,True,isomeric,isomeric,CC(=O)C(C)(C)CC(N)=O,CC1(C)CC(=O)NC1(C)O,2,none,False,False,True,0,,/home/jzheng/PEACE_all/PEACE_experiments/gimadiev_tautomers/results/tautomer_benchmark/0147_317_cc-o-c-c-c-cc-n-o_water_363
318,CC(=O)C(C)(C)CC(N)=O,CC1(C)CC(=O)NC1(C)O,water,water,373.0,0.22,0.011363680134341681,0.2086363198656583,-0.019394832372199744,-301005.3314837458,-301005.35087857815,True,True,isomeric,isomeric,CC(=O)C(C)(C)CC(N)=O,CC1(C)CC(=O)NC1(C)O,2,none,False,False,True,0,,/home/jzheng/PEACE_all/PEACE_experiments/gimadiev_tautomers/results/tautomer_benchmark/0148_318_cc-o-c-c-c-cc-n-o_water_373
319,CC(=O)CCCO,CC1(O)CCCO1,methanol,methanol,298.0,-0.09,-1.1780917568752072,1.088091756875207,1.6063995700096712,-217684.7352636805,-217683.12886411048,True,True,isomeric,isomeric,CC(=O)CCCO,CC1(O)CCCO1,2,none,False,False,True,0,,/home/jzheng/PEACE_all/PEACE_experiments/gimadiev_tautomers/results/tautomer_benchmark/0149_319_cc-o-ccco_methanol_298
320,CC(=O)CCCCO,CC1(O)CCCCO1,methanol,methanol,298.0,-0.29,-0.3622912930060141,0.07229129300601411,0.49400615351623856,-242333.79855045,-242333.3045442965,True,True,isomeric,isomeric,CC(=O)CCCCO,CC1(O)CCCCO1,2,none,False,False,True,0,,/home/jzheng/PEACE_all/PEACE_experiments/gimadiev_tautomers/results/tautomer_benchmark/0150_320_cc-o-cccco_methanol_298
321,COC(=O)c1ccccc1C(C)=O,COC1(C)OC(=O)c2ccccc21,methanol,methanol,309.0,0.31,1.5839950734643393,1.2739950734643393,-2.239600232162047,-384462.8708423712,-384465.11044260336,True,True,isomeric,isomeric,COC(=O)c1ccccc1C(C)=O,COC1(C)OC(=O)c2ccccc21,2,none,False,False,True,0,,/home/jzheng/PEACE_all/PEACE_experiments/gimadiev_tautomers/results/tautomer_benchmark/0151_321_coc-o-c1ccccc1c-c-o_methanol_309
322,COC(=O)c1ccccc1C(C)=O,COC1(C)OC(=O)c2ccccc21,methanol,methanol,313.0,0.245,1.5661193936314624,1.3211193936314625,-2.242990339116659,-384463.29481206415,-384465.53780240327,True,True,isomeric,isomeric,COC(=O)c1ccccc1C(C)=O,COC1(C)OC(=O)c2ccccc21,2,none,False,False,True,0,,/home/jzheng/PEACE_all/PEACE_experiments/gimadiev_tautomers/results/tautomer_benchmark/0152_322_coc-o-c1ccccc1c-c-o_methanol_313
323,CCC(=O)c1ccccc1C(=O)OC,CCC1(OC)OC(=O)c2ccccc21,methanol,methanol,309.0,0.33,0.5694976231431436,0.23949762314314355,-0.80520894943038,-409113.0177090922,-409113.8229180416,True,True,isomeric,isomeric,CCC(=O)c1ccccc1C(=O)OC,CCC1(OC)OC(=O)c2ccccc21,2,none,False,False,True,0,,/home/jzheng/PEACE_all/PEACE_experiments/gimadiev_tautomers/results/tautomer_benchmark/0153_323_ccc-o-c1ccccc1c-o-oc_methanol_309
324,CCC(=O)c1ccccc1C(=O)OC,CCC1(OC)OC(=O)c2ccccc21,methanol,methanol,313.0,0.42,0.5486397337671453,0.12863973376714527,-0.7857597750844434,-409113.47529204737,-409114.26105182245,True,True,isomeric,isomeric,CCC(=O)c1ccccc1C(=O)OC,CCC1(OC)OC(=O)c2ccccc21,2,none,False,False,True,0,,/home/jzheng/PEACE_all/PEACE_experiments/gimadiev_tautomers/results/tautomer_benchmark/0154_324_ccc-o-c1ccccc1c-o-oc_methanol_313
325,COC(=O)c1ccccc1C(=O)C(C)C,COC1(C(C)C)OC(=O)c2ccccc21,methanol,methanol,309.0,0.48,0.844289627835321,0.36428962783532104,-1.1937355602858588,-433762.7780604482,-433763.97179600847,True,True,isomeric,isomeric,COC(=O)c1ccccc1C(=O)C(C)C,COC1(C(C)C)OC(=O)c2ccccc21,2,none,False,False,True,0,,/home/jzheng/PEACE_all/PEACE_experiments/gimadiev_tautomers/results/tautomer_benchmark/0155_325_coc-o-c1ccccc1c-o-c-c-c_methanol_309
380,O=C1c2ccccc2Cc2ccccc21,Oc1c2ccccc2cc2ccccc12,benzene,benzene,278.0,-2.7,-4.3773838533984115,1.6773838533984113,5.568235892802477,-385679.5593887314,-385673.9911528386,True,True,isomeric,isomeric,O=C1c2ccccc2Cc2ccccc21,Oc1c2ccccc2cc2ccccc12,2,none,False,False,True,0,,/home/jzheng/PEACE_all/PEACE_experiments/gimadiev_tautomers/results/tautomer_benchmark/0156_380_o-c1c2ccccc2cc2ccccc21_benzene_278
381,O=C1c2ccccc2Cc2ccccc21,Oc1c2ccccc2cc2ccccc12,benzene,benzene,289.0,-2.64,-4.174252216102394,1.5342522161023937,5.519944702158682,-385680.6170879611,-385675.09714325896,True,True,isomeric,isomeric,O=C1c2ccccc2Cc2ccccc21,Oc1c2ccccc2cc2ccccc12,2,none,False,False,True,0,,/home/jzheng/PEACE_all/PEACE_experiments/gimadiev_tautomers/results/tautomer_benchmark/0157_381_o-c1c2ccccc2cc2ccccc21_benzene_289
382,O=C1c2ccccc2Cc2ccccc21,Oc1c2ccccc2cc2ccccc12,benzene,benzene,299.0,-2.56,-4.001818438605577,1.4418184386055768,5.47503332758788,-385681.5947219819,-385676.1196886543,True,True,isomeric,isomeric,O=C1c2ccccc2Cc2ccccc21,Oc1c2ccccc2cc2ccccc12,2,none,False,False,True,0,,/home/jzheng/PEACE_all/PEACE_experiments/gimadiev_tautomers/results/tautomer_benchmark/0158_382_o-c1c2ccccc2cc2ccccc21_benzene_299
383,O=C1c2ccccc2Cc2ccccc21,Oc1c2ccccc2cc2ccccc12,benzene,benzene,308.0,-2.51,-3.855629828197375,1.3456298281973753,5.4338074618717656,-385682.4877161255,-385677.0539086636,True,True,isomeric,isomeric,O=C1c2ccccc2Cc2ccccc21,Oc1c2ccccc2cc2ccccc12,2,none,False,False,True,0,,/home/jzheng/PEACE_all/PEACE_experiments/gimadiev_tautomers/results/tautomer_benchmark/0159_383_o-c1c2ccccc2cc2ccccc21_benzene_308
384,Nc1ccnc2ccccc12,N=c1cc[nH]c2ccccc12,water,water,294.0,3.3,-6.985408789923367,10.285408789923366,9.39717586612096,-286892.3584392915,-286882.96126342536,True,True,isomeric,isomeric,Nc1ccnc2ccccc12,N=c1cc[nH]c2ccccc12,2,none,False,False,True,0,,/home/jzheng/PEACE_all/PEACE_experiments/gimadiev_tautomers/results/tautomer_benchmark/0160_384_nc1ccnc2ccccc12_water_294
385,O=S(=O)([O-])c1ccc(/N=N\c2cc(S(=O)(=O)[O-])c(O)c3ccccc23)cc1,O=C1C(S(=O)(=O)[O-])=C/C(=N\Nc2ccc(S(=O)(=O)[O-])cc2)c2ccccc21,water,water,308.0,0.84,-0.3074392793549305,1.1474392793549304,0.4332796260714531,-1285482.4477775933,-1285482.0144979672,True,True,isomeric,isomeric,O=S(=O)([O-])c1ccc(/N=N\c2cc(S(=O)(=O)[O-])c(O)c3ccccc23)cc1,O=C1C(S(=O)(=O)[O-])=CC(=NNc2ccc(S(=O)(=O)[O-])cc2)c2ccccc21,2,none,False,False,True,0,,/home/jzheng/PEACE_all/PEACE_experiments/gimadiev_tautomers/results/tautomer_benchmark/0161_385_o-s-o-o-c1ccc-n-n-c2cc-s-o-o-o_water_308
388,Oc1cccnc1,[O-]c1ccc[nH+]c1,water,water,293.0,0.1,-6.0910000608659,6.1910000608659,8.166094889660599,-202982.546921283,-202974.38082639335,True,True,isomeric,isomeric,Oc1cccnc1,[O-]c1ccc[nH+]c1,2,none,False,True,True,0,,/home/jzheng/PEACE_all/PEACE_experiments/gimadiev_tautomers/results/tautomer_benchmark/0162_388_oc1cccnc1_water_293
389,Oc1cccnc1,[O-]c1ccc[nH+]c1,water,water,313.0,-0.05,-5.703340334404795,5.653340334404795,8.168302699516062,-202984.04997071397,-202975.88166801445,True,True,isomeric,isomeric,Oc1cccnc1,[O-]c1ccc[nH+]c1,2,none,False,True,True,0,,/home/jzheng/PEACE_all/PEACE_experiments/gimadiev_tautomers/results/tautomer_benchmark/0163_389_oc1cccnc1_water_313
390,Oc1cccnc1,[O-]c1ccc[nH+]c1,water,water,333.0,-0.22,-5.362522058483139,5.142522058483139,8.170930623193271,-202985.5844778995,-202977.41354727632,True,True,isomeric,isomeric,Oc1cccnc1,[O-]c1ccc[nH+]c1,2,none,False,True,True,0,,/home/jzheng/PEACE_all/PEACE_experiments/gimadiev_tautomers/results/tautomer_benchmark/0164_390_oc1cccnc1_water_333
391,Oc1cccnc1,[O-]c1ccc[nH+]c1,water,water,353.0,-0.4,-5.060563003213534,4.660563003213533,8.17394553203485,-202987.150293121,-202978.97634758896,True,True,isomeric,isomeric,Oc1cccnc1,[O-]c1ccc[nH+]c1,2,none,False,True,True,0,,/home/jzheng/PEACE_all/PEACE_experiments/gimadiev_tautomers/results/tautomer_benchmark/0165_391_oc1cccnc1_water_353
392,Oc1cnc2ccccc2c1,[O-]c1c[nH+]c2ccccc2c1,water,water,293.0,-1.08,-6.814551765585473,5.734551765585473,9.13614772487199,-299369.6186792765,-299360.4825315516,True,True,isomeric,isomeric,Oc1cnc2ccccc2c1,[O-]c1c[nH+]c2ccccc2c1,2,none,False,True,True,0,,/home/jzheng/PEACE_all/PEACE_experiments/gimadiev_tautomers/results/tautomer_benchmark/0166_392_oc1cnc2ccccc2c1_water_293
393,Oc1ccc2ncccc2c1,[O-]c1ccc2[nH+]cccc2c1,water,water,293.0,-2.09,-9.331116247677514,7.241116247677514,12.510060736094601,-299370.30880845623,-299357.79874772014,True,True,isomeric,isomeric,Oc1ccc2ncccc2c1,[O-]c1ccc2[nH+]cccc2c1,2,none,False,True,True,0,,/home/jzheng/PEACE_all/PEACE_experiments/gimadiev_tautomers/results/tautomer_benchmark/0167_393_oc1ccc2ncccc2c1_water_293
394,Oc1cncc2ccccc12,[O-]c1c[nH+]cc2ccccc12,water,water,293.0,0.46,-4.445161018211747,4.905161018211747,5.959547908685636,-299368.3057891645,-299362.3462412558,True,True,isomeric,isomeric,Oc1cncc2ccccc12,[O-]c1c[nH+]cc2ccccc12,2,none,False,True,True,0,,/home/jzheng/PEACE_all/PEACE_experiments/gimadiev_tautomers/results/tautomer_benchmark/0168_394_oc1cncc2ccccc12_water_293
395,Oc1cccc2cnccc12,[O-]c1cccc2c[nH+]ccc12,water,water,293.0,-1.45,-8.138807713007902,6.688807713007901,10.911553999176249,-299369.4264807859,-299358.5149267867,True,True,isomeric,isomeric,Oc1cccc2cnccc12,[O-]c1cccc2c[nH+]ccc12,2,none,False,True,True,0,,/home/jzheng/PEACE_all/PEACE_experiments/gimadiev_tautomers/results/tautomer_benchmark/0169_395_oc1cccc2cnccc12_water_293
396,Oc1ccc2ccncc2c1,[O-]c1ccc2cc[nH+]cc2c1,water,water,293.0,-1.37,-8.961251283271713,7.5912512832717125,12.014189390582033,-299369.6642822223,-299357.6500928317,True,True,isomeric,isomeric,Oc1ccc2ccncc2c1,[O-]c1ccc2cc[nH+]cc2c1,2,none,False,True,True,0,,/home/jzheng/PEACE_all/PEACE_experiments/gimadiev_tautomers/results/tautomer_benchmark/0170_396_oc1ccc2ccncc2c1_water_293
397,Oc1cccc2cc3ccccc3nc12,[O-]c1cccc2cc3ccccc3[nH+]c12,water,water,293.0,7.0,-5.674470162542984,12.674470162542985,7.607660701498389,-395755.8970684922,-395748.2894077907,True,True,isomeric,isomeric,Oc1cccc2cc3ccccc3nc12,[O-]c1cccc2cc3ccccc3[nH+]c12,2,none,False,True,True,0,,/home/jzheng/PEACE_all/PEACE_experiments/gimadiev_tautomers/results/tautomer_benchmark/0171_397_oc1cccc2cc3ccccc3nc12_water_293
399,c1ccc(C(c2ccccc2)c2ccccn2)cc1,C1=CN/C(=C(\c2ccccc2)c2ccccc2)C=C1,water,water,308.0,12.82,-9.159837060257319,21.979837060257317,12.909120736527257,-470296.59046847624,-470283.6813477397,True,True,isomeric,isomeric,c1ccc(C(c2ccccc2)c2ccccn2)cc1,C1=CNC(=C(c2ccccc2)c2ccccc2)C=C1,2,none,False,False,True,0,,/home/jzheng/PEACE_all/PEACE_experiments/gimadiev_tautomers/results/tautomer_benchmark/0172_399_c1ccc-c-c2ccccc2-c2ccccn2-cc1_water_308
400,c1ccc(Cc2ccccn2)cc1,C1=CN/C(=C/c2ccccc2)C=C1,water,water,308.0,11.88,-11.639581533735846,23.519581533735845,16.40386857901467,-325356.70388492185,-325340.30001634284,True,True,isomeric,isomeric,c1ccc(Cc2ccccn2)cc1,C1=CNC(=Cc2ccccc2)C=C1,2,none,False,False,True,0,,/home/jzheng/PEACE_all/PEACE_experiments/gimadiev_tautomers/results/tautomer_benchmark/0173_400_c1ccc-cc2ccccn2-cc1_water_308
401,CC(C)/N=C/c1ccc(O)cc1,CC(C)N/C=C1/C=CC(=O)C=C1,methanol,methanol,303.0,-0.96,0.46624907708193314,1.4262490770819332,-0.6464259934728034,-325486.819999764,-325487.46642575745,True,True,isomeric,isomeric,CC(C)/N=C/c1ccc(O)cc1,CC(C)NC=C1C=CC(=O)C=C1,2,none,False,False,True,0,,/home/jzheng/PEACE_all/PEACE_experiments/gimadiev_tautomers/results/tautomer_benchmark/0174_401_cc-c-n-c-c1ccc-o-cc1_methanol_303
409,CCCCN/C=C1\C=CC=CC1=S,CCCC/N=C/c1ccccc1S,toluene,toluene,293.0,-0.25,4.586103251237071,4.836103251237071,-6.148506640805863,-552779.1281433267,-552785.2766499675,True,True,isomeric,isomeric,CCCCN/C=C1\C=CC=CC1=S,CCCCN=Cc1ccccc1S,2,none,False,False,True,0,,/home/jzheng/PEACE_all/PEACE_experiments/gimadiev_tautomers/results/tautomer_benchmark/0175_409_ccccn-c-c1-c-cc-cc1-s_toluene_293
410,CCCCN/C=C1\C=CC=CC1=S,CCCC/N=C/c1ccccc1S,toluene,toluene,303.0,-0.21,4.4279017653384365,4.6379017653384365,-6.139016543631442,-552780.2878743733,-552786.4268909169,True,True,isomeric,isomeric,CCCCN/C=C1\C=CC=CC1=S,CCCCN=Cc1ccccc1S,2,none,False,False,True,0,,/home/jzheng/PEACE_all/PEACE_experiments/gimadiev_tautomers/results/tautomer_benchmark/0176_410_ccccn-c-c1-c-cc-cc1-s_toluene_303
411,CCCCN/C=C1\C=CC=CC1=S,CCCC/N=C/c1ccccc1S,toluene,toluene,313.0,-0.19,4.280020644386249,4.470020644386249,-6.129829561919905,-552781.4642888046,-552787.5941183665,True,True,isomeric,isomeric,CCCCN/C=C1\C=CC=CC1=S,CCCCN=Cc1ccccc1S,2,none,False,False,True,0,,/home/jzheng/PEACE_all/PEACE_experiments/gimadiev_tautomers/results/tautomer_benchmark/0177_411_ccccn-c-c1-c-cc-cc1-s_toluene_313
412,S=C1C=CC=C/C1=C\Nc1ccccc1,Sc1ccccc1/C=N/c1ccccc1,toluene,toluene,283.0,0.81,5.372135770258944,4.562135770258944,-6.956513199489564,-599124.7681880243,-599131.7247012238,True,True,isomeric,isomeric,S=C1C=CC=C/C1=C\Nc1ccccc1,Sc1ccccc1C=Nc1ccccc1,2,none,False,False,True,0,,/home/jzheng/PEACE_all/PEACE_experiments/gimadiev_tautomers/results/tautomer_benchmark/0178_412_s-c1c-cc-c-c1-c-nc1ccccc1_toluene_283
413,S=C1C=CC=C/C1=C\Nc1ccccc1,Sc1ccccc1/C=N/c1ccccc1,toluene,toluene,293.0,0.86,5.166011206042999,4.3060112060429985,-6.925978868501261,-599125.867361798,-599132.7933406665,True,True,isomeric,isomeric,S=C1C=CC=C/C1=C\Nc1ccccc1,Sc1ccccc1C=Nc1ccccc1,2,none,False,False,True,0,,/home/jzheng/PEACE_all/PEACE_experiments/gimadiev_tautomers/results/tautomer_benchmark/0179_413_s-c1c-cc-c-c1-c-nc1ccccc1_toluene_293
414,S=C1C=CC=C/C1=C\Nc1ccccc1,Sc1ccccc1/C=N/c1ccccc1,toluene,toluene,303.0,0.91,4.973612118611126,4.063612118611126,-6.895610764622688,-599126.9836973733,-599133.8793081379,True,True,isomeric,isomeric,S=C1C=CC=C/C1=C\Nc1ccccc1,Sc1ccccc1C=Nc1ccccc1,2,none,False,False,True,0,,/home/jzheng/PEACE_all/PEACE_experiments/gimadiev_tautomers/results/tautomer_benchmark/0180_414_s-c1c-cc-c-c1-c-nc1ccccc1_toluene_303
415,S=C1C=CC=C/C1=C\Nc1ccccc1,Sc1ccccc1/C=N/c1ccccc1,toluene,toluene,293.0,-0.11,5.166011206042999,5.276011206042999,-6.925978868501261,-599125.867361798,-599132.7933406665,True,True,isomeric,isomeric,S=C1C=CC=C/C1=C\Nc1ccccc1,Sc1ccccc1C=Nc1ccccc1,2,none,False,False,True,0,,/home/jzheng/PEACE_all/PEACE_experiments/gimadiev_tautomers/results/tautomer_benchmark/0181_415_s-c1c-cc-c-c1-c-nc1ccccc1_toluene_293
416,S=C1C=CC=C/C1=C\Nc1ccccc1,Sc1ccccc1/C=N/c1ccccc1,toluene,toluene,303.0,-0.01,4.973612158495514,4.9836121584955135,-6.895610819919966,-599126.9836973733,-599133.8793081932,True,True,isomeric,isomeric,S=C1C=CC=C/C1=C\Nc1ccccc1,Sc1ccccc1C=Nc1ccccc1,2,none,False,False,True,0,,/home/jzheng/PEACE_all/PEACE_experiments/gimadiev_tautomers/results/tautomer_benchmark/0182_416_s-c1c-cc-c-c1-c-nc1ccccc1_toluene_303
417,S=C1C=CC=C/C1=C\Nc1ccccc1,Sc1ccccc1/C=N/c1ccccc1,toluene,toluene,313.0,0.08,4.793691696658042,4.713691696658042,-6.865507322130725,-599128.1171744524,-599134.9826817745,True,True,isomeric,isomeric,S=C1C=CC=C/C1=C\Nc1ccccc1,Sc1ccccc1C=Nc1ccccc1,2,none,False,False,True,0,,/home/jzheng/PEACE_all/PEACE_experiments/gimadiev_tautomers/results/tautomer_benchmark/0183_417_s-c1c-cc-c-c1-c-nc1ccccc1_toluene_313
418,Nc1cc(C(=O)O)cc2ccccc12,[NH3+]c1cc(C(=O)[O-])cc2ccccc12,water,water,298.0,-0.26,3.3746411447973035,3.6346411447973033,-4.601527896535117,-395172.3564127124,-395176.95794060896,True,True,isomeric,isomeric,Nc1cc(C(=O)O)cc2ccccc12,[NH3+]c1cc(C(=O)[O-])cc2ccccc12,2,none,False,True,True,0,,/home/jzheng/PEACE_all/PEACE_experiments/gimadiev_tautomers/results/tautomer_benchmark/0184_418_nc1cc-c-o-o-cc2ccccc12_water_298
419,Nc1cc(C(=O)O)c2ccccc2c1,[NH3+]c1cc(C(=O)[O-])c2ccccc2c1,water,water,298.0,0.69,3.45167967549603,2.76167967549603,-4.706574606068898,-395169.11526530114,-395173.8218399072,True,True,isomeric,isomeric,Nc1cc(C(=O)O)c2ccccc2c1,[NH3+]c1cc(C(=O)[O-])c2ccccc2c1,2,none,False,True,True,0,,/home/jzheng/PEACE_all/PEACE_experiments/gimadiev_tautomers/results/tautomer_benchmark/0185_419_nc1cc-c-o-o-c2ccccc2c1_water_298
539,CC(C=O)c1ccccc1,C/C(=C\O)c1ccccc1,dmso,methanesulfinylmethane,333.0,-1.02,-2.869025694621113,1.8490256946211128,4.371564284723718,-266113.60386822134,-266109.2323039366,True,True,isomeric,isomeric,CC(C=O)c1ccccc1,CC(=CO)c1ccccc1,2,none,False,False,True,0,,/home/jzheng/PEACE_all/PEACE_experiments/gimadiev_tautomers/results/tautomer_benchmark/0186_539_cc-c-o-c1ccccc1_dmso_333
540,Cc1cccc(C(C)C=O)c1,C/C(=C\O)c1cccc(C)c1,dmso,methanesulfinylmethane,333.0,-1.01,-3.028312881542759,2.0183128815427587,4.614271827798802,-290765.83115349145,-290761.21688166365,True,True,isomeric,isomeric,Cc1cccc(C(C)C=O)c1,CC(=CO)c1cccc(C)c1,2,none,False,False,True,0,,/home/jzheng/PEACE_all/PEACE_experiments/gimadiev_tautomers/results/tautomer_benchmark/0187_540_cc1cccc-c-c-c-o-c1_dmso_333
541,Cc1ccc(C(C)C=O)cc1,C/C(=C\O)c1ccc(C)cc1,dmso,methanesulfinylmethane,333.0,-1.09,-3.03231389462922,1.9423138946292198,4.620368213043548,-290765.57275217434,-290760.9523839613,True,True,isomeric,isomeric,Cc1ccc(C(C)C=O)cc1,CC(=CO)c1ccc(C)cc1,2,none,False,False,True,0,,/home/jzheng/PEACE_all/PEACE_experiments/gimadiev_tautomers/results/tautomer_benchmark/0188_541_cc1ccc-c-c-c-o-cc1_dmso_333
542,CC(C=O)c1ccc(F)cc1,C/C(=C\O)c1ccc(F)cc1,dmso,methanesulfinylmethane,333.0,-1.09,-2.8106640683933324,1.7206640683933323,4.2826380679616705,-328411.37838490214,-328407.0957468342,True,True,isomeric,isomeric,CC(C=O)c1ccc(F)cc1,CC(=CO)c1ccc(F)cc1,2,none,False,False,True,0,,/home/jzheng/PEACE_all/PEACE_experiments/gimadiev_tautomers/results/tautomer_benchmark/0189_542_cc-c-o-c1ccc-f-cc1_dmso_333
543,CC(C=O)c1ccc(Cl)cc1,C/C(=C\O)c1ccc(Cl)cc1,dmso,methanesulfinylmethane,333.0,-0.74,-2.4862796264876734,1.7462796264876734,3.7883701206883416,-554527.5592211767,-554523.770851056,True,True,isomeric,isomeric,CC(C=O)c1ccc(Cl)cc1,CC(=CO)c1ccc(Cl)cc1,2,none,False,False,True,0,,/home/jzheng/PEACE_all/PEACE_experiments/gimadiev_tautomers/results/tautomer_benchmark/0190_543_cc-c-o-c1ccc-cl-cc1_dmso_333
544,CC(C=O)c1ccc(Br)cc1,C/C(=C\O)c1ccc(Br)cc1,dmso,methanesulfinylmethane,333.0,-0.78,-2.2987805730346573,1.5187805730346573,3.5026758632157,-1880971.243377748,-1880967.7407018847,True,True,isomeric,isomeric,CC(C=O)c1ccc(Br)cc1,CC(=CO)c1ccc(Br)cc1,2,none,False,False,True,0,,/home/jzheng/PEACE_all/PEACE_experiments/gimadiev_tautomers/results/tautomer_benchmark/0191_544_cc-c-o-c1ccc-br-cc1_dmso_333
545,CC(C=O)c1cccc(Br)c1,C/C(=C\O)c1cccc(Br)c1,dmso,methanesulfinylmethane,333.0,-0.64,-2.5945908356401817,1.9545908356401815,3.9534050363581628,-1880971.4368975929,-1880967.4834925565,True,True,isomeric,isomeric,CC(C=O)c1cccc(Br)c1,CC(=CO)c1cccc(Br)c1,2,none,False,False,True,0,,/home/jzheng/PEACE_all/PEACE_experiments/gimadiev_tautomers/results/tautomer_benchmark/0192_545_cc-c-o-c1cccc-br-c1_dmso_333
546,COc1cccc(C(C)C=O)c1,COc1cccc(/C(C)=C/O)c1,dmso,methanesulfinylmethane,333.0,-0.94,-2.5095069594729154,1.5695069594729154,3.8237618494895287,-337968.26902370126,-337964.44526185177,True,True,isomeric,isomeric,COc1cccc(C(C)C=O)c1,COc1cccc(C(C)=CO)c1,2,none,False,False,True,0,,/home/jzheng/PEACE_all/PEACE_experiments/gimadiev_tautomers/results/tautomer_benchmark/0193_546_coc1cccc-c-c-c-o-c1_dmso_333
547,COc1ccc(C(C)C=O)cc1,COc1ccc(/C(C)=C/O)cc1,dmso,methanesulfinylmethane,333.0,-1.17,-2.742634570864623,1.572634570864623,4.178980815166142,-337967.8483202288,-337963.66933941364,True,True,isomeric,isomeric,COc1ccc(C(C)C=O)cc1,COc1ccc(C(C)=CO)cc1,2,none,False,False,True,0,,/home/jzheng/PEACE_all/PEACE_experiments/gimadiev_tautomers/results/tautomer_benchmark/0194_547_coc1ccc-c-c-c-o-cc1_dmso_333
548,CC(C=O)c1ccc([N+](=O)[O-])cc1,C/C(=C\O)c1ccc([N+](=O)[O-])cc1,dmso,methanesulfinylmethane,333.0,-0.002,-1.1322475224963504,1.1302475224963504,1.7252173238084652,-394478.30587125325,-394476.58065392944,True,True,isomeric,isomeric,CC(C=O)c1ccc([N+](=O)[O-])cc1,CC(=CO)c1ccc([N+](=O)[O-])cc1,2,none,False,False,True,0,,/home/jzheng/PEACE_all/PEACE_experiments/gimadiev_tautomers/results/tautomer_benchmark/0195_548_cc-c-o-c1ccc-n-o-o-cc1_dmso_333
549,CC(C=O)c1cccc([N+](=O)[O-])c1,C/C(=C\O)c1cccc([N+](=O)[O-])c1,dmso,methanesulfinylmethane,333.0,-0.47,-2.275471573772452,1.8054715737724518,3.4671596986590885,-394478.54631324345,-394475.0791535448,True,True,isomeric,isomeric,CC(C=O)c1cccc([N+](=O)[O-])c1,CC(=CO)c1cccc([N+](=O)[O-])c1,2,none,False,False,True,0,,/home/jzheng/PEACE_all/PEACE_experiments/gimadiev_tautomers/results/tautomer_benchmark/0196_549_cc-c-o-c1cccc-n-o-o-c1_dmso_333
658,Oc1ccccn1,[O-]c1cccc[nH+]1,water,water,293.0,2.53,1.164334498401898,1.3656655015981018,-1.5610024466004688,-202990.9632549541,-202992.5242574007,True,True,isomeric,isomeric,Oc1ccccn1,[O-]c1cccc[nH+]1,2,none,False,True,True,0,,/home/jzheng/PEACE_all/PEACE_experiments/gimadiev_tautomers/results/tautomer_benchmark/0197_658_oc1ccccn1_water_293
659,Oc1cccnc1,[O-]c1ccc[nH+]c1,water,water,293.0,0.0,-6.0910000608659,6.0910000608659,8.166094889660599,-202982.546921283,-202974.38082639335,True,True,isomeric,isomeric,Oc1cccnc1,[O-]c1ccc[nH+]c1,2,none,False,True,True,0,,/home/jzheng/PEACE_all/PEACE_experiments/gimadiev_tautomers/results/tautomer_benchmark/0198_659_oc1cccnc1_water_293
660,Oc1ccncc1,[O-]c1cc[nH+]cc1,water,water,293.0,3.34,0.3145276322718026,3.0254723677281974,-0.4216815736144781,-202985.26666874287,-202985.6883503165,True,True,isomeric,isomeric,Oc1ccncc1,[O-]c1cc[nH+]cc1,2,none,False,True,True,0,,/home/jzheng/PEACE_all/PEACE_experiments/gimadiev_tautomers/results/tautomer_benchmark/0199_660_oc1ccncc1_water_293
661,Oc1ccnc2ccccc12,[O-]c1cc[nH+]c2ccccc12,water,water,293.0,4.38,4.678536943328431,0.29853694332843084,-6.272430839308072,-299372.1071569889,-299378.3795878282,True,True,isomeric,isomeric,Oc1ccnc2ccccc12,[O-]c1cc[nH+]c2ccccc12,2,none,False,True,True,0,,/home/jzheng/PEACE_all/PEACE_experiments/gimadiev_tautomers/results/tautomer_benchmark/0200_661_oc1ccnc2ccccc12_water_293
662,Oc1nccc2ccccc12,[O-]c1[nH+]ccc2ccccc12,water,water,293.0,4.16,6.7487684318628265,2.5887684318628263,-9.047953185392544,-299375.6006360305,-299384.6485892159,True,True,isomeric,isomeric,Oc1nccc2ccccc12,[O-]c1[nH+]ccc2ccccc12,2,none,False,True,True,0,,/home/jzheng/PEACE_all/PEACE_experiments/gimadiev_tautomers/results/tautomer_benchmark/0201_662_oc1nccc2ccccc12_water_293
663,Sc1ccccn1,[S-]c1cccc[nH+]1,water,water,293.0,4.69,1.562121139355393,3.127878860644607,-2.094307884690352,-405635.7869908108,-405637.8812986955,True,True,isomeric,isomeric,Sc1ccccn1,[S-]c1cccc[nH+]1,2,none,False,True,True,0,,/home/jzheng/PEACE_all/PEACE_experiments/gimadiev_tautomers/results/tautomer_benchmark/0202_663_sc1ccccn1_water_293
664,Sc1cccnc1,[S-]c1ccc[nH+]c1,water,water,293.0,2.18,-5.740915327107109,7.920915327107108,7.696742545755114,-405632.51904150366,-405624.8222989579,True,True,isomeric,isomeric,Sc1cccnc1,[S-]c1ccc[nH+]c1,2,none,False,True,True,0,,/home/jzheng/PEACE_all/PEACE_experiments/gimadiev_tautomers/results/tautomer_benchmark/0203_664_sc1cccnc1_water_293
665,Sc1ccncc1,[S-]c1cc[nH+]cc1,water,water,293.0,4.54,-1.0544106240914144,5.594410624091415,1.4136294734780677,-405633.82307568874,-405632.40944621526,True,True,isomeric,isomeric,Sc1ccncc1,[S-]c1cc[nH+]cc1,2,none,False,True,True,0,,/home/jzheng/PEACE_all/PEACE_experiments/gimadiev_tautomers/results/tautomer_benchmark/0204_665_sc1ccncc1_water_293
666,Sc1ccc2ccccc2n1,[S-]c1ccc2ccccc2[nH+]1,water,water,293.0,5.15,4.519749826373936,0.630250173626064,-6.059547790326178,-502023.26788849727,-502029.3274362876,True,True,isomeric,isomeric,Sc1ccc2ccccc2n1,[S-]c1ccc2ccccc2[nH+]1,2,none,False,True,True,0,,/home/jzheng/PEACE_all/PEACE_experiments/gimadiev_tautomers/results/tautomer_benchmark/0205_666_sc1ccc2ccccc2n1_water_293
667,Sc1ccnc2ccccc12,[S-]c1cc[nH+]c2ccccc12,water,water,293.0,5.04,3.0428428267742187,1.9971571732257813,-4.079484979389235,-502019.64934325207,-502023.72882823145,True,True,isomeric,isomeric,Sc1ccnc2ccccc12,[S-]c1cc[nH+]c2ccccc12,2,none,False,True,True,0,,/home/jzheng/PEACE_all/PEACE_experiments/gimadiev_tautomers/results/tautomer_benchmark/0206_667_sc1ccnc2ccccc12_water_293
668,Sc1cccc2ncccc12,[S-]c1cccc2[nH+]cccc12,water,water,293.0,1.18,-5.004248838743071,6.184248838743071,6.709106954571325,-502018.45903414395,-502011.7499271894,True,True,isomeric,isomeric,Sc1cccc2ncccc12,[S-]c1cccc2[nH+]cccc12,2,none,False,True,True,0,,/home/jzheng/PEACE_all/PEACE_experiments/gimadiev_tautomers/results/tautomer_benchmark/0207_668_sc1cccc2ncccc12_water_293
675,CC(=O)CCCCO,CC1(O)CCCCO1,acetonitrile,acetonitrile,298.0,-0.21,-0.07812522446514954,0.13187477553485044,0.10652848239988089,-242331.2157070489,-242331.1091785665,True,True,isomeric,isomeric,CC(=O)CCCCO,CC1(O)CCCCO1,2,none,False,False,True,0,,/home/jzheng/PEACE_all/PEACE_experiments/gimadiev_tautomers/results/tautomer_benchmark/0208_675_cc-o-cccco_acetonitrile_298
676,CC(=O)CCCO,CC1(O)CCCO1,acetonitrile,acetonitrile,298.0,-0.1,-0.8054650234576612,0.7054650234576613,1.098300416575512,-217682.03838883067,-217680.9400884141,True,True,isomeric,isomeric,CC(=O)CCCO,CC1(O)CCCO1,2,none,False,False,True,0,,/home/jzheng/PEACE_all/PEACE_experiments/gimadiev_tautomers/results/tautomer_benchmark/0209_676_cc-o-ccco_acetonitrile_298
707,CC(=O)CCCO,CC1(O)CCCO1,dmso,methanesulfinylmethane,288.0,-0.23,-1.2297613373836256,0.9997613373836256,1.620583902753424,-217684.6397948547,-217683.01921095196,True,True,isomeric,isomeric,CC(=O)CCCO,CC1(O)CCCO1,2,none,False,False,True,0,,/home/jzheng/PEACE_all/PEACE_experiments/gimadiev_tautomers/results/tautomer_benchmark/0210_707_cc-o-ccco_dmso_288
708,CC(=O)CCCO,CC1(O)CCCO1,dmso,methanesulfinylmethane,298.0,-0.25,-1.2286628003190359,0.9786628003190359,1.675356255233055,-217685.5369615478,-217683.86160529256,True,True,isomeric,isomeric,CC(=O)CCCO,CC1(O)CCCO1,2,none,False,False,True,0,,/home/jzheng/PEACE_all/PEACE_experiments/gimadiev_tautomers/results/tautomer_benchmark/0211_708_cc-o-ccco_dmso_298
709,CC(=O)CCCCO,CC1(O)CCCCO1,dmso,methanesulfinylmethane,288.0,-0.1,-0.5161391013631371,0.41613910136313714,0.6801699596690014,-242333.8416326437,-242333.16146268405,True,True,isomeric,isomeric,CC(=O)CCCCO,CC1(O)CCCCO1,2,none,False,False,True,0,,/home/jzheng/PEACE_all/PEACE_experiments/gimadiev_tautomers/results/tautomer_benchmark/0212_709_cc-o-cccco_dmso_288
710,CC(=O)CCCCO,CC1(O)CCCCO1,dmso,methanesulfinylmethane,298.0,-0.155,-0.5631075439897593,0.40810754398975924,0.7678312926436774,-242334.80563126985,-242334.0377999772,True,True,isomeric,isomeric,CC(=O)CCCCO,CC1(O)CCCCO1,2,none,False,False,True,0,,/home/jzheng/PEACE_all/PEACE_experiments/gimadiev_tautomers/results/tautomer_benchmark/0213_710_cc-o-cccco_dmso_298
711,CC(=O)CCCCO,CC1(O)CCCCO1,dmso,methanesulfinylmethane,322.0,-0.15,-0.6629994958802283,0.5129994958802283,0.9768486210668925,-242337.16522444063,-242336.18837581956,True,True,isomeric,isomeric,CC(=O)CCCCO,CC1(O)CCCCO1,2,none,False,False,True,0,,/home/jzheng/PEACE_all/PEACE_experiments/gimadiev_tautomers/results/tautomer_benchmark/0214_711_cc-o-cccco_dmso_322
712,CC(=O)CCCCO,CC1(O)CCCCO1,dmso,methanesulfinylmethane,310.0,-0.08,-0.6151758203721912,0.5351758203721912,0.8726079167681746,-242335.9773434884,-242335.10473557163,True,True,isomeric,isomeric,CC(=O)CCCCO,CC1(O)CCCCO1,2,none,False,False,True,0,,/home/jzheng/PEACE_all/PEACE_experiments/gimadiev_tautomers/results/tautomer_benchmark/0215_712_cc-o-cccco_dmso_310
713,CC(=O)CCCO,CC1(O)CCCO1,dmso,methanesulfinylmethane,310.0,-0.19,-1.2279859872423367,1.0379859872423367,1.7418602270481642,-217686.62717492893,-217684.88531470188,True,True,isomeric,isomeric,CC(=O)CCCO,CC1(O)CCCO1,2,none,False,False,True,0,,/home/jzheng/PEACE_all/PEACE_experiments/gimadiev_tautomers/results/tautomer_benchmark/0216_713_cc-o-ccco_dmso_310
714,CC(=O)C(C)(C)CC(N)=O,CC1(C)CC(=O)NC1(C)O,dmso,methanesulfinylmethane,357.0,0.52,-1.180245239994362,1.700245239994362,1.9279628960648552,-301008.5882805062,-301006.66031761013,True,True,isomeric,isomeric,CC(=O)C(C)(C)CC(N)=O,CC1(C)CC(=O)NC1(C)O,2,none,False,False,True,0,,/home/jzheng/PEACE_all/PEACE_experiments/gimadiev_tautomers/results/tautomer_benchmark/0217_714_cc-o-c-c-c-cc-n-o_dmso_357
715,CC(=O)C(C)(C)CC(=O)Nc1ccccc1,CC1(C)CC(=O)N(c2ccccc2)C1(C)O,dmso,methanesulfinylmethane,307.0,0.62,2.3567110112127523,1.7367110112127522,-3.3105709843803197,-445938.9446903476,-445942.255261332,True,True,isomeric,isomeric,CC(=O)C(C)(C)CC(=O)Nc1ccccc1,CC1(C)CC(=O)N(c2ccccc2)C1(C)O,2,none,False,False,True,0,,/home/jzheng/PEACE_all/PEACE_experiments/gimadiev_tautomers/results/tautomer_benchmark/0218_715_cc-o-c-c-c-cc-o-nc1ccccc1_dmso_307
716,CC(=O)C(C)(C)CC(=O)Nc1ccccc1,CC1(C)CC(=O)N(c2ccccc2)C1(C)O,dmso,methanesulfinylmethane,307.0,0.62,2.3567082911519575,1.7367082911519574,-3.3105671633966267,-445938.944694077,-445942.2552612404,True,True,isomeric,isomeric,CC(=O)C(C)(C)CC(=O)Nc1ccccc1,CC1(C)CC(=O)N(c2ccccc2)C1(C)O,2,none,False,False,True,0,,/home/jzheng/PEACE_all/PEACE_experiments/gimadiev_tautomers/results/tautomer_benchmark/0219_716_cc-o-c-c-c-cc-o-nc1ccccc1_dmso_307
717,O=CCCCCCCCO,OC1CCCCCCCO1,dmso,methanesulfinylmethane,343.0,0.77,-6.965433299749952,7.7354332997499515,10.932020961830858,-291631.8387281435,-291620.90670718165,True,True,isomeric,isomeric,O=CCCCCCCCO,OC1CCCCCCCO1,2,none,False,False,True,0,,/home/jzheng/PEACE_all/PEACE_experiments/gimadiev_tautomers/results/tautomer_benchmark/0220_717_o-cccccccco_dmso_343
718,O=CCCCCCCCCO,OC1CCCCCCCCO1,dmso,methanesulfinylmethane,343.0,0.72,-6.343452655600555,7.063452655600555,9.95584257534938,-316280.8678118497,-316270.91196927434,True,True,isomeric,isomeric,O=CCCCCCCCCO,OC1CCCCCCCCO1,2,none,False,False,True,0,,/home/jzheng/PEACE_all/PEACE_experiments/gimadiev_tautomers/results/tautomer_benchmark/0221_718_o-ccccccccco_dmso_343
719,O=CCCCCCCCCCO,OC1CCCCCCCCCO1,dmso,methanesulfinylmethane,343.0,0.37,-5.421236832186118,5.791236832186118,8.508454842376523,-340930.04003073333,-340921.53157589096,True,True,isomeric,isomeric,O=CCCCCCCCCCO,OC1CCCCCCCCCO1,2,none,False,False,True,0,,/home/jzheng/PEACE_all/PEACE_experiments/gimadiev_tautomers/results/tautomer_benchmark/0222_719_o-cccccccccco_dmso_343
720,O=CCCCCCCCCCCO,OC1CCCCCCCCCCO1,dmso,methanesulfinylmethane,343.0,0.72,-3.986510709284703,4.706510709284703,6.256698867538944,-365578.50279282423,-365572.2460939567,True,True,isomeric,isomeric,O=CCCCCCCCCCCO,OC1CCCCCCCCCCO1,2,none,False,False,True,0,,/home/jzheng/PEACE_all/PEACE_experiments/gimadiev_tautomers/results/tautomer_benchmark/0223_720_o-ccccccccccco_dmso_343
721,O=CCCCCCCCCCCCO,OC1CCCCCCCCCCCO1,dmso,methanesulfinylmethane,343.0,0.16,-5.439596677769915,5.599596677769915,8.537270022730809,-390227.469102035,-390218.93183201225,True,True,isomeric,isomeric,O=CCCCCCCCCCCCO,OC1CCCCCCCCCCCO1,2,none,False,False,True,0,,/home/jzheng/PEACE_all/PEACE_experiments/gimadiev_tautomers/results/tautomer_benchmark/0224_721_o-cccccccccccco_dmso_343
722,O=CCCCCCCCCCCCCO,OC1CCCCCCCCCCCCO1,dmso,methanesulfinylmethane,343.0,0.33,-3.359050590958006,3.689050590958006,5.271920624596532,-414876.0091048104,-414870.7371841858,True,True,isomeric,isomeric,O=CCCCCCCCCCCCCO,OC1CCCCCCCCCCCCO1,2,none,False,False,True,0,,/home/jzheng/PEACE_all/PEACE_experiments/gimadiev_tautomers/results/tautomer_benchmark/0225_722_o-ccccccccccccco_dmso_343
723,O=CCCCCCCCCCCCCCCO,OC1CCCCCCCCCCCCCCO1,dmso,methanesulfinylmethane,343.0,0.48,-2.8306104498092046,3.3106104498092046,4.44255101447925,-464173.6423286768,-464169.19977766235,True,True,isomeric,isomeric,O=CCCCCCCCCCCCCCCO,OC1CCCCCCCCCCCCCCO1,2,none,False,False,True,0,,/home/jzheng/PEACE_all/PEACE_experiments/gimadiev_tautomers/results/tautomer_benchmark/0226_723_o-ccccccccccccccco_dmso_343
724,O=CCCCCCCCCCCCCCCCCO,OC1CCCCCCCCCCCCCCCCO1,dmso,methanesulfinylmethane,343.0,0.27,-1.5448128080865666,1.8148128080865666,2.42453344585374,-513470.5337968748,-513468.10926342895,True,True,isomeric,isomeric,O=CCCCCCCCCCCCCCCCCO,OC1CCCCCCCCCCCCCCCCO1,2,none,False,False,True,0,,/home/jzheng/PEACE_all/PEACE_experiments/gimadiev_tautomers/results/tautomer_benchmark/0227_724_o-ccccccccccccccccco_dmso_343
